Gender,Married,Education,Self_Employed,ApplicantIncome,CoapplicantIncome,LoanAmount,Loan_Amount_Term,Credit_History,Loan_Status,TotalIncome,LoanToIncome,EMI,EMItoIncome,Has_Coapplicant,Property_Area_Semiurban,Property_Area_Urban,Dependents_1,Dependents_2,Dependents_3+
1,0,1,0,5849,0.0,128.0,360.0,1.0,1,5849.0,0.02188034188034188,0.35555555555555557,6.077872744539412e-05,0,0,1,0,0,0
1,1,1,0,4583,1508.0,128.0,360.0,1.0,0,6091.0,0.021011162179908074,0.35555555555555557,5.836433938863355e-05,1,0,0,1,0,0
1,1,1,1,3000,0.0,66.0,360.0,1.0,1,3000.0,0.021992669110296566,0.18333333333333332,6.109074752860157e-05,0,0,1,0,0,0
1,1,0,0,2583,2358.0,120.0,360.0,1.0,1,4941.0,0.024281667341157425,0.3333333333333333,6.744907594765951e-05,1,0,1,0,0,0
1,0,1,0,6000,0.0,141.0,360.0,1.0,1,6000.0,0.023496083986002333,0.39166666666666666,6.526689996111759e-05,0,0,1,0,0,0
1,1,1,1,5417,4196.0,267.0,360.0,1.0,1,9613.0,0.027771999167880174,0.7416666666666667,7.714444213300049e-05,1,0,1,0,1,0
1,1,0,0,2333,1516.0,95.0,360.0,1.0,1,3849.0,0.024675324675324677,0.2638888888888889,6.854256854256854e-05,1,0,1,0,0,0
1,1,1,0,3036,2504.0,158.0,360.0,0.0,0,5540.0,0.02851470853636528,0.4388888888888889,7.920752371212577e-05,1,1,0,0,0,1
1,1,1,0,4006,1526.0,168.0,360.0,1.0,1,5532.0,0.030363274896078075,0.4666666666666667,8.434243026688355e-05,1,0,1,0,1,0
1,1,1,0,12841,10968.0,349.0,360.0,1.0,0,23809.0,0.014657706845863082,0.9694444444444444,4.0715852349619676e-05,1,1,0,1,0,0
1,1,1,0,3200,700.0,70.0,360.0,1.0,1,3900.0,0.017944116893104333,0.19444444444444445,4.984476914751204e-05,1,0,1,0,1,0
1,1,1,0,2500,1840.0,109.0,360.0,1.0,1,4340.0,0.025109421792213777,0.30277777777777776,6.974839386726049e-05,1,0,1,0,1,0
1,1,1,0,3073,8106.0,200.0,360.0,1.0,1,11179.0,0.017889087656529516,0.5555555555555556,4.9691910157026436e-05,1,0,1,0,1,0
1,0,1,0,1853,2840.0,114.0,360.0,1.0,0,4693.0,0.024286322965487855,0.31666666666666665,6.746200823746626e-05,1,0,0,0,0,0
1,1,1,0,1299,1086.0,17.0,120.0,1.0,1,2385.0,0.007124895222129086,0.14166666666666666,5.9374126851075716e-05,1,0,1,0,1,0
1,0,1,0,4950,0.0,125.0,360.0,1.0,1,4950.0,0.025247424762674206,0.3472222222222222,7.013173545187279e-05,0,0,1,0,0,0
1,0,0,0,3596,0.0,100.0,240.0,1.0,1,3596.0,0.027800945232137893,0.4166666666666667,0.00011583727180057456,0,0,1,1,0,0
0,0,1,0,3510,0.0,76.0,360.0,0.0,0,3510.0,0.02164625462831102,0.2111111111111111,6.012848507864173e-05,0,0,1,0,0,0
1,1,0,0,4887,0.0,133.0,360.0,1.0,0,4887.0,0.02720949263502455,0.36944444444444446,7.558192398617931e-05,0,0,0,0,0,0
1,1,0,0,7660,0.0,104.0,360.0,0.0,0,7660.0,0.013575251272679808,0.28888888888888886,3.770903131299946e-05,0,0,1,0,0,0
1,1,1,0,5955,5625.0,315.0,360.0,1.0,1,11580.0,0.027199723685346688,0.875,7.555478801485191e-05,1,0,1,1,0,0
1,1,0,0,2600,1911.0,116.0,360.0,0.0,0,4511.0,0.025709219858156027,0.32222222222222224,7.141449960598898e-05,1,1,0,0,0,0
1,1,1,0,3717,2925.0,151.0,360.0,1.0,0,6642.0,0.022730693963570674,0.41944444444444445,6.31408165654741e-05,1,1,0,1,0,0
1,1,1,1,9560,0.0,191.0,360.0,1.0,1,9560.0,0.019976989854617717,0.5305555555555556,5.5491638485049216e-05,0,1,0,0,0,0
1,1,1,0,2799,2253.0,122.0,360.0,1.0,1,5052.0,0.02414407282802296,0.3388888888888889,6.706686896673044e-05,1,1,0,0,0,0
1,1,0,0,4226,1040.0,110.0,360.0,1.0,1,5266.0,0.020884754129485476,0.3055555555555556,5.801320591523744e-05,1,0,1,0,1,0
1,0,0,0,1442,0.0,35.0,360.0,1.0,0,1442.0,0.024255024255024255,0.09722222222222222,6.737506737506738e-05,0,0,1,0,0,0
0,0,1,0,3750,2083.0,120.0,360.0,1.0,1,5833.0,0.02056907781967775,0.3333333333333333,5.713632727688264e-05,1,1,0,0,1,0
1,1,1,0,4166,3369.0,201.0,360.0,1.0,0,7535.0,0.026671974522292995,0.5583333333333333,7.408881811748054e-05,1,0,1,1,0,0
1,0,1,0,3167,0.0,74.0,360.0,1.0,0,3167.0,0.02335858585858586,0.20555555555555555,6.488496071829405e-05,0,0,1,0,0,0
1,0,1,1,4692,0.0,106.0,360.0,1.0,0,4692.0,0.02258683145109738,0.29444444444444445,6.27411984752705e-05,0,0,0,1,0,0
1,1,1,0,3500,1667.0,114.0,360.0,1.0,1,5167.0,0.022058823529411766,0.31666666666666665,6.127450980392157e-05,1,1,0,0,0,0
1,0,1,0,12500,3000.0,320.0,360.0,1.0,0,15500.0,0.02064382943035933,0.8888888888888888,5.734397063988703e-05,1,0,0,0,0,1
1,1,1,0,2275,2067.0,128.0,360.0,1.0,1,4342.0,0.029472714713331797,0.35555555555555557,8.186865198147723e-05,1,0,1,0,0,0
0,1,1,0,3667,1459.0,144.0,360.0,1.0,1,5126.0,0.028086600351082503,0.4,7.801833430856252e-05,1,1,0,0,0,0
1,0,1,0,4166,7210.0,184.0,360.0,1.0,1,11376.0,0.016172980574843985,0.5111111111111111,4.4924946041233286e-05,1,0,1,0,0,0
1,0,0,0,3748,1668.0,110.0,360.0,1.0,1,5416.0,0.020306442680450433,0.3055555555555556,5.640678522347343e-05,1,1,0,0,0,0
1,0,1,0,3600,0.0,80.0,360.0,1.0,0,3600.0,0.022216051096917523,0.2222222222222222,6.171125304699311e-05,0,0,1,0,0,0
1,0,1,0,1800,1213.0,47.0,360.0,1.0,1,3013.0,0.015593895155938951,0.13055555555555556,4.3316375433163754e-05,1,0,1,0,0,0
1,1,1,0,2400,0.0,75.0,360.0,1.0,1,2400.0,0.03123698458975427,0.20833333333333334,8.67694016382063e-05,0,0,1,0,0,0
1,1,1,0,3941,2336.0,134.0,360.0,1.0,1,6277.0,0.021344377190187957,0.37222222222222223,5.9289936639411e-05,1,1,0,0,0,0
1,1,1,0,5649,0.0,44.0,360.0,1.0,1,5649.0,0.007787610619469027,0.12222222222222222,2.1632251720747296e-05,0,0,1,1,0,0
1,1,1,0,5821,0.0,144.0,360.0,1.0,1,5821.0,0.024733768464445208,0.4,6.870491240123669e-05,0,0,1,0,0,0
0,1,1,0,2645,3440.0,120.0,360.0,0.0,0,6085.0,0.019717384160368057,0.3333333333333333,5.477051155657793e-05,1,0,1,0,0,0
0,0,1,0,4000,2275.0,144.0,360.0,1.0,1,6275.0,0.022944550669216062,0.4,6.373486297004462e-05,1,1,0,0,0,0
0,1,0,0,1928,1644.0,100.0,360.0,1.0,1,3572.0,0.027987685418415897,0.2777777777777778,7.774357060671082e-05,1,1,0,0,0,0
0,0,1,0,3086,0.0,120.0,360.0,1.0,1,3086.0,0.038872691933916424,0.3333333333333333,0.0001079796998164345,0,1,0,0,0,0
0,0,1,0,4230,0.0,112.0,360.0,1.0,0,4230.0,0.02647128338454266,0.3111111111111111,7.353134273484072e-05,0,1,0,0,0,0
1,1,1,0,4616,0.0,134.0,360.0,1.0,0,4616.0,0.02902317522200563,0.37222222222222223,8.061993117223786e-05,0,0,1,0,1,0
0,1,1,1,11500,0.0,286.0,360.0,0.0,0,11500.0,0.024867402834536128,0.7944444444444444,6.907611898482257e-05,0,0,1,1,0,0
1,1,1,0,2708,1167.0,97.0,360.0,1.0,1,3875.0,0.02502579979360165,0.26944444444444443,6.951611053778237e-05,1,1,0,0,1,0
1,1,1,0,2132,1591.0,96.0,360.0,1.0,1,3723.0,0.02577873254564984,0.26666666666666666,7.160759040458288e-05,1,1,0,0,0,0
1,1,1,0,3366,2200.0,135.0,360.0,1.0,0,5566.0,0.02425004490749057,0.375,6.736123585414047e-05,1,0,0,0,0,0
1,1,1,0,8080,2250.0,180.0,360.0,1.0,1,10330.0,0.017423289129803503,0.5,4.839802536056529e-05,1,0,1,1,0,0
1,1,0,0,3357,2859.0,144.0,360.0,1.0,1,6216.0,0.023162296927778672,0.4,6.43397136882741e-05,1,0,1,0,1,0
1,1,1,0,2500,3796.0,120.0,360.0,1.0,1,6296.0,0.019056693663649357,0.3333333333333333,5.293526017680377e-05,1,0,1,0,0,0
1,1,1,0,3029,0.0,99.0,360.0,1.0,1,3029.0,0.032673267326732675,0.275,9.075907590759076e-05,0,0,1,0,0,1
1,1,0,1,2609,3449.0,165.0,180.0,0.0,0,6058.0,0.027232216537382406,0.9166666666666666,0.0001512900918743467,1,0,0,0,0,0
1,1,1,0,4945,0.0,128.0,360.0,0.0,0,4945.0,0.02587949858471492,0.35555555555555557,7.188749606865256e-05,0,0,0,1,0,0
0,0,1,0,4166,0.0,116.0,360.0,0.0,0,4166.0,0.027837772978161746,0.32222222222222224,7.732714716156042e-05,0,1,0,0,0,0
1,1,1,0,5726,4595.0,258.0,360.0,1.0,0,10321.0,0.024995155977523737,0.7166666666666667,6.943098882645482e-05,1,1,0,0,0,0
1,0,0,0,3200,2254.0,126.0,180.0,0.0,0,5454.0,0.0230980751604033,0.7,0.00012832263978001832,1,0,1,0,0,0
1,1,1,0,10750,0.0,312.0,360.0,1.0,1,10750.0,0.02902055622732769,0.8666666666666667,8.061265618702137e-05,0,0,1,1,0,0
1,1,0,1,7100,0.0,125.0,60.0,1.0,1,7100.0,0.017603154485283764,2.0833333333333335,0.0002933859080880627,0,0,1,0,0,1
0,0,1,0,4300,0.0,136.0,360.0,0.0,0,4300.0,0.03162055335968379,0.37777777777777777,8.783487044356609e-05,0,1,0,0,0,0
1,1,1,0,3208,3066.0,172.0,360.0,1.0,1,6274.0,0.02741035856573705,0.4777777777777778,7.613988490482515e-05,1,0,1,0,0,0
1,1,0,1,1875,1875.0,97.0,360.0,1.0,1,3750.0,0.025859770727805917,0.26944444444444443,7.183269646612755e-05,1,1,0,0,1,0
1,0,1,0,3500,0.0,81.0,300.0,1.0,1,3500.0,0.02313624678663239,0.27,7.712082262210797e-05,0,1,0,0,0,0
1,1,1,1,5266,1774.0,187.0,360.0,1.0,1,7040.0,0.02655872745348672,0.5194444444444445,7.377424292635201e-05,1,1,0,0,0,1
1,0,1,0,3750,0.0,113.0,480.0,1.0,0,3750.0,0.030125299920021328,0.23541666666666666,6.276104150004443e-05,0,0,1,0,0,0
1,0,1,0,3750,4750.0,176.0,360.0,1.0,0,8500.0,0.0207034466533349,0.4888888888888889,5.750957403704139e-05,1,0,1,0,0,0
1,1,1,1,1000,3022.0,110.0,360.0,1.0,0,4022.0,0.02734277902063137,0.3055555555555556,7.595216394619826e-05,1,0,1,1,0,0
1,1,1,0,3167,4000.0,180.0,300.0,0.0,0,7167.0,0.025111607142857144,0.6,8.370535714285714e-05,1,1,0,0,0,1
1,1,0,1,3333,2166.0,130.0,360.0,1.0,1,5499.0,0.023636363636363636,0.3611111111111111,6.565656565656565e-05,1,1,0,0,0,1
0,0,1,0,3846,0.0,111.0,360.0,1.0,1,3846.0,0.028853652196516765,0.30833333333333335,8.014903387921324e-05,0,1,0,0,0,0
1,1,1,1,2395,0.0,128.0,360.0,1.0,1,2395.0,0.05342237061769616,0.35555555555555557,0.0001483954739380449,0,1,0,1,0,0
0,1,1,0,1378,1881.0,167.0,360.0,1.0,0,3259.0,0.05122699386503068,0.4638888888888889,0.00014229720518064076,1,0,1,0,1,0
1,1,1,0,6000,2250.0,265.0,360.0,1.0,0,8250.0,0.03211731911283481,0.7361111111111112,8.921477531343002e-05,1,1,0,0,0,0
1,1,1,0,3988,0.0,50.0,240.0,1.0,1,3988.0,0.012534469791927802,0.20833333333333334,5.222695746636584e-05,0,0,1,1,0,0
1,0,1,0,2366,2531.0,136.0,360.0,1.0,1,4897.0,0.027766435279706004,0.37777777777777777,7.712898688807222e-05,1,1,0,0,0,0
1,1,0,0,3333,2000.0,99.0,360.0,1.0,1,5333.0,0.01856017997750281,0.275,5.155605549306337e-05,1,1,0,0,1,0
1,1,1,0,2500,2118.0,104.0,360.0,1.0,1,4618.0,0.022515696038103484,0.28888888888888886,6.2543600105843e-05,1,1,0,0,0,0
1,0,1,0,8566,0.0,210.0,360.0,1.0,1,8566.0,0.02451266487685304,0.5833333333333334,6.809073576903623e-05,0,0,1,0,0,0
1,1,1,0,5695,4167.0,175.0,360.0,1.0,1,9862.0,0.017743080198722498,0.4861111111111111,4.928633388534027e-05,1,1,0,0,0,0
1,1,1,0,2958,2900.0,131.0,360.0,1.0,1,5858.0,0.022358764294248164,0.3638888888888889,6.210767859513379e-05,1,1,0,0,0,0
1,1,1,0,6250,5654.0,188.0,180.0,1.0,1,11904.0,0.015791684166316673,1.0444444444444445,8.77315787017593e-05,1,1,0,0,1,0
1,1,0,0,3273,1820.0,81.0,360.0,1.0,1,5093.0,0.015901060070671377,0.225,4.416961130742049e-05,1,0,1,0,1,0
1,0,1,0,4133,0.0,122.0,360.0,1.0,1,4133.0,0.029511369134010642,0.3388888888888889,8.197602537225179e-05,0,1,0,0,0,0
1,0,0,0,3620,0.0,25.0,120.0,1.0,1,3620.0,0.006904170118751726,0.20833333333333334,5.753475098959772e-05,0,1,0,0,0,0
1,0,1,0,6782,0.0,128.0,360.0,1.0,0,6782.0,0.018870706177207725,0.35555555555555557,5.241862827002146e-05,0,0,1,0,0,0
0,1,1,0,2484,2302.0,137.0,360.0,1.0,1,4786.0,0.028619176937539167,0.38055555555555554,7.949771371538657e-05,1,1,0,0,0,0
1,1,1,0,1977,997.0,50.0,360.0,1.0,1,2974.0,0.01680672268907563,0.1388888888888889,4.6685340802987865e-05,1,1,0,0,0,0
1,1,0,0,4188,0.0,115.0,180.0,1.0,1,4188.0,0.027452852709477202,0.6388888888888888,0.00015251584838598444,0,1,0,0,0,0
1,1,1,0,1759,3541.0,131.0,360.0,1.0,1,5300.0,0.024712318430484815,0.3638888888888889,6.864532897356893e-05,1,1,0,0,0,0
1,1,0,0,4288,3263.0,133.0,180.0,1.0,1,7551.0,0.017611228813559324,0.7388888888888889,9.784016007532958e-05,1,0,1,0,1,0
1,0,1,0,4843,3806.0,151.0,360.0,1.0,1,8649.0,0.017456647398843932,0.41944444444444445,4.849068721901092e-05,1,1,0,0,0,0
1,1,1,0,4652,3583.0,128.0,360.0,1.0,1,8235.0,0.015541525012141816,0.35555555555555557,4.317090281150505e-05,1,1,0,0,0,0
1,1,1,0,3052,1030.0,100.0,360.0,1.0,1,4082.0,0.02449179524859172,0.2777777777777778,6.803276457942145e-05,1,0,1,1,0,0
1,1,1,0,11417,1126.0,225.0,360.0,1.0,1,12543.0,0.01793686224489796,0.625,4.982461734693878e-05,1,0,1,0,1,0
1,0,0,0,7333,0.0,120.0,360.0,1.0,0,7333.0,0.01636214889555495,0.3333333333333333,4.5450413598763745e-05,0,0,0,0,0,0
1,1,1,0,3800,3600.0,216.0,360.0,0.0,0,7400.0,0.029185245237130116,0.6,8.107012565869476e-05,1,0,1,0,1,0
1,1,0,0,2071,754.0,94.0,480.0,1.0,1,2825.0,0.03326256192498231,0.19583333333333333,6.929700401037981e-05,1,1,0,0,0,1
1,0,1,0,5316,0.0,136.0,360.0,1.0,1,5316.0,0.025578333646793305,0.37777777777777777,7.105092679664807e-05,0,0,1,0,0,0
0,1,1,0,2929,2333.0,139.0,360.0,1.0,1,5262.0,0.026410792323769715,0.3861111111111111,7.336331201047142e-05,1,1,0,0,0,0
0,0,1,1,7451,0.0,128.0,360.0,1.0,1,7451.0,0.017176596886741814,0.35555555555555557,4.771276912983838e-05,0,1,0,1,0,0
1,0,1,0,5050,0.0,118.0,360.0,1.0,1,5050.0,0.02336171055236587,0.3277777777777778,6.489364042323852e-05,0,1,0,0,0,0
1,1,1,0,14583,0.0,185.0,180.0,1.0,1,14583.0,0.012685134393856282,1.0277777777777777,7.047296885475711e-05,0,0,0,1,0,0
0,1,1,0,3167,2283.0,154.0,360.0,1.0,1,5450.0,0.028251696936341955,0.42777777777777776,7.847693593428321e-05,1,1,0,0,0,0
1,1,1,0,2214,1398.0,85.0,360.0,1.0,1,3612.0,0.023526155549404928,0.2361111111111111,6.535043208168035e-05,1,0,1,1,0,0
1,1,1,0,5568,2142.0,175.0,360.0,1.0,0,7710.0,0.022694851510828687,0.4861111111111111,6.304125419674636e-05,1,0,0,0,0,0
0,0,1,0,10408,0.0,259.0,360.0,1.0,1,10408.0,0.02488231338264963,0.7194444444444444,6.911753717402675e-05,0,0,1,0,0,0
0,0,1,0,4166,0.0,44.0,360.0,1.0,1,4166.0,0.010559155267578594,0.12222222222222222,2.9330986854384982e-05,0,1,0,0,0,0
0,0,1,0,2137,8980.0,137.0,360.0,0.0,1,11117.0,0.012322360136715237,0.38055555555555554,3.422877815754232e-05,1,1,0,0,0,0
1,1,1,0,2957,0.0,81.0,360.0,1.0,1,2957.0,0.02738336713995943,0.225,7.606490872210953e-05,0,1,0,0,1,0
1,1,0,0,4300,2014.0,194.0,360.0,1.0,1,6314.0,0.030720506730007917,0.5388888888888889,8.533474091668866e-05,1,0,0,0,0,0
0,0,1,0,3692,0.0,93.0,360.0,1.0,1,3692.0,0.025182778229082048,0.25833333333333336,6.995216174745013e-05,0,0,0,0,0,0
1,0,1,0,3865,1640.0,128.0,360.0,1.0,1,5505.0,0.023247366509262624,0.35555555555555557,6.457601808128507e-05,1,0,0,0,0,0
1,1,1,1,10513,3850.0,160.0,180.0,0.0,0,14363.0,0.01113895850737956,0.8888888888888888,6.188310281877533e-05,1,0,1,1,0,0
1,1,1,0,6080,2569.0,182.0,360.0,1.0,0,8649.0,0.021040462427745665,0.5055555555555555,5.844572896596018e-05,1,0,0,0,0,0
1,0,1,1,20166,0.0,650.0,480.0,1.0,1,20166.0,0.03223087221698815,1.3541666666666667,6.714765045205864e-05,0,0,1,0,0,0
1,0,1,0,2014,1929.0,74.0,360.0,1.0,1,3943.0,0.018762677484787018,0.20555555555555555,5.211854856885282e-05,1,0,1,0,0,0
1,0,1,0,2718,0.0,70.0,360.0,1.0,1,2718.0,0.025744759102611255,0.19444444444444445,7.151321972947571e-05,0,1,0,0,0,0
1,1,1,1,3459,0.0,25.0,120.0,1.0,1,3459.0,0.0072254335260115606,0.20833333333333334,6.0211946050096345e-05,0,1,0,0,0,0
1,0,1,0,4895,0.0,102.0,360.0,1.0,1,4895.0,0.020833333333333332,0.2833333333333333,5.7870370370370366e-05,0,1,0,0,0,0
1,1,1,0,4000,7750.0,290.0,360.0,1.0,0,11750.0,0.024678750744617478,0.8055555555555556,6.855208540171522e-05,1,1,0,0,0,1
0,1,1,0,4583,0.0,84.0,360.0,1.0,0,4583.0,0.01832460732984293,0.23333333333333334,5.090168702734148e-05,0,0,0,0,0,0
1,1,1,1,3316,3500.0,88.0,360.0,1.0,1,6816.0,0.012908904210063077,0.24444444444444444,3.585806725017522e-05,1,0,1,0,1,0
1,0,1,0,14999,0.0,242.0,360.0,0.0,0,14999.0,0.016133333333333333,0.6722222222222223,4.481481481481482e-05,0,1,0,0,0,0
1,1,0,0,4200,1430.0,129.0,360.0,1.0,0,5630.0,0.02290889717634523,0.35833333333333334,6.363582548984786e-05,1,0,0,0,1,0
1,1,1,0,5042,2083.0,185.0,360.0,1.0,0,7125.0,0.02596126859388156,0.5138888888888888,7.211463498300432e-05,1,0,0,0,1,0
1,0,1,0,5417,0.0,168.0,360.0,1.0,1,5417.0,0.031007751937984496,0.4666666666666667,8.613264427217915e-05,0,0,1,0,0,0
1,0,1,1,6950,0.0,175.0,180.0,1.0,1,6950.0,0.025176233635448138,0.9722222222222222,0.00013986796464137853,0,1,0,0,0,0
1,1,1,0,2698,2034.0,122.0,360.0,1.0,1,4732.0,0.025776463131206424,0.3388888888888889,7.16012864755734e-05,1,1,0,0,0,0
1,1,1,0,11757,0.0,187.0,180.0,1.0,1,11757.0,0.01590406531723082,1.038888888888889,8.835591842906013e-05,0,0,1,0,1,0
0,1,1,0,2330,4486.0,100.0,360.0,1.0,1,6816.0,0.014669209329617133,0.2777777777777778,4.074780369338093e-05,1,1,0,0,0,0
0,1,1,0,14866,0.0,70.0,360.0,1.0,1,14866.0,0.004708414609537903,0.19444444444444445,1.3078929470938618e-05,0,0,1,0,1,0
1,1,1,0,1538,1425.0,30.0,360.0,1.0,1,2963.0,0.010121457489878543,0.08333333333333333,2.811515969410706e-05,1,0,1,1,0,0
0,0,1,0,10000,1666.0,225.0,360.0,1.0,0,11666.0,0.019285163281049112,0.625,5.3569898002914205e-05,1,0,0,0,0,0
1,1,1,0,4860,830.0,125.0,360.0,1.0,1,5690.0,0.021964505359339307,0.3472222222222222,6.101251488705363e-05,1,1,0,0,0,0
1,0,1,0,6277,0.0,118.0,360.0,0.0,0,6277.0,0.01879579483912074,0.3277777777777778,5.221054121977983e-05,0,0,0,0,0,0
1,1,1,1,2577,3750.0,152.0,360.0,1.0,1,6327.0,0.02402022756005057,0.4222222222222222,6.67228543334738e-05,1,0,0,0,0,0
1,0,1,0,9166,0.0,244.0,360.0,1.0,0,9166.0,0.026617213919493836,0.6777777777777778,7.393670533192732e-05,0,0,1,0,0,0
1,1,0,0,2281,0.0,113.0,360.0,1.0,0,2281.0,0.04951796669588081,0.3138888888888889,0.0001375499074885578,0,0,0,0,1,0
1,0,1,0,3254,0.0,50.0,360.0,1.0,1,3254.0,0.015360983102918587,0.1388888888888889,4.266939750810719e-05,0,0,1,0,0,0
1,1,1,0,39999,0.0,600.0,180.0,0.0,1,39999.0,0.015,3.3333333333333335,8.333333333333333e-05,0,1,0,0,0,1
1,1,1,0,6000,0.0,160.0,360.0,1.0,1,6000.0,0.026662222962839526,0.4444444444444444,7.406173045233201e-05,0,0,0,1,0,0
1,1,1,0,9538,0.0,187.0,360.0,1.0,1,9538.0,0.01960373204738442,0.5194444444444445,5.445481124273451e-05,0,0,1,1,0,0
1,0,1,0,2980,2083.0,120.0,360.0,1.0,1,5063.0,0.023696682464454975,0.3333333333333333,6.582411795681937e-05,1,0,0,0,0,0
1,1,1,0,4583,5625.0,255.0,360.0,1.0,1,10208.0,0.024977960622979724,0.7083333333333334,6.938322395272146e-05,1,1,0,0,0,0
1,1,0,0,1863,1041.0,98.0,360.0,1.0,1,2904.0,0.033734939759036145,0.2722222222222222,9.370816599732262e-05,1,1,0,0,0,0
1,1,1,0,7933,0.0,275.0,360.0,1.0,0,7933.0,0.034660952861104107,0.7638888888888888,9.628042461417808e-05,0,0,1,0,0,0
1,1,1,0,3089,1280.0,121.0,360.0,0.0,0,4369.0,0.02768878718535469,0.33611111111111114,7.691329773709637e-05,1,1,0,1,0,0
1,1,1,0,4167,1447.0,158.0,360.0,1.0,1,5614.0,0.028138913624220836,0.4388888888888889,7.816364895616898e-05,1,0,0,0,1,0
1,1,1,0,9323,0.0,75.0,180.0,1.0,1,9323.0,0.008043758043758044,0.4166666666666667,4.468754468754469e-05,0,0,1,0,0,0
0,1,1,0,4583,0.0,112.0,360.0,1.0,0,4583.0,0.02443280977312391,0.3111111111111111,6.78689160364553e-05,0,0,0,0,0,0
1,1,1,0,2439,3333.0,129.0,360.0,1.0,1,5772.0,0.022345401004676944,0.35833333333333334,6.207055834632484e-05,1,0,0,0,0,0
1,0,1,0,2237,0.0,63.0,480.0,0.0,0,2237.0,0.028150134048257374,0.13125,5.8646112600536196e-05,0,1,0,0,0,0
1,1,1,0,8000,0.0,200.0,360.0,1.0,1,8000.0,0.024996875390576177,0.5555555555555556,6.943576497382272e-05,0,1,0,0,1,0
1,1,0,0,1820,1769.0,95.0,360.0,1.0,1,3589.0,0.026462395543175487,0.2638888888888889,7.350665428659858e-05,1,0,0,0,0,0
1,1,0,0,3522,0.0,81.0,180.0,1.0,0,3522.0,0.022991768379222254,0.45,0.00012773204655123474,0,0,0,0,0,1
1,1,1,0,5708,5625.0,187.0,360.0,1.0,1,11333.0,0.016499029468854773,0.5194444444444445,4.5830637413485485e-05,1,1,0,0,0,0
1,1,0,1,4344,736.0,87.0,360.0,1.0,0,5080.0,0.017122613658728598,0.24166666666666667,4.756281571869055e-05,1,1,0,0,0,0
1,1,1,0,3497,1964.0,116.0,360.0,1.0,1,5461.0,0.021237641889417794,0.32222222222222224,5.8993449692827215e-05,1,0,0,0,0,0
1,1,1,0,2045,1619.0,101.0,360.0,1.0,1,3664.0,0.027557980900409278,0.28055555555555556,7.654994694558133e-05,1,0,0,0,1,0
1,1,1,0,5516,11300.0,495.0,360.0,0.0,0,16816.0,0.02943450080275911,1.375,8.176250222988643e-05,1,1,0,0,0,1
1,1,1,0,3750,0.0,116.0,360.0,1.0,1,3750.0,0.030925086643561715,0.32222222222222224,8.590301845433811e-05,0,1,0,1,0,0
1,0,0,0,2333,1451.0,102.0,480.0,0.0,0,3784.0,0.026948480845442536,0.2125,5.614266842800528e-05,1,0,1,0,0,0
1,1,1,0,6400,7250.0,180.0,360.0,0.0,0,13650.0,0.013185847190682002,0.5,3.662735330745e-05,1,0,1,1,0,0
1,0,1,0,1916,5063.0,67.0,360.0,1.0,0,6979.0,0.009598853868194842,0.18611111111111112,2.6663482967207895e-05,1,0,0,0,0,0
1,1,1,0,4600,0.0,73.0,180.0,1.0,1,4600.0,0.01586611606172571,0.40555555555555556,8.814508923180951e-05,0,1,0,0,0,0
1,1,1,0,33846,0.0,260.0,360.0,1.0,0,33846.0,0.0076816261411646524,0.7222222222222222,2.1337850392124034e-05,0,1,0,1,0,0
0,1,1,0,3625,0.0,108.0,360.0,1.0,1,3625.0,0.02978488692774407,0.3,8.27357970215113e-05,0,1,0,0,0,0
1,1,1,1,39147,4750.0,120.0,360.0,1.0,1,43897.0,0.0027336097316506447,0.3333333333333333,7.593360365696235e-06,1,1,0,0,0,0
1,1,1,1,2178,0.0,66.0,300.0,0.0,0,2178.0,0.030289123451124368,0.22,0.00010096374483708123,0,0,0,1,0,0
1,1,1,0,2383,2138.0,58.0,360.0,1.0,1,4521.0,0.012826183104820876,0.16111111111111112,3.562828640228021e-05,1,0,0,0,0,0
1,1,1,0,9328,0.0,188.0,180.0,1.0,1,9328.0,0.020152213527709295,1.0444444444444445,0.00011195674182060719,0,0,0,0,0,0
1,0,0,0,4885,0.0,48.0,360.0,1.0,1,4885.0,0.009823986901350798,0.13333333333333333,2.7288852503752216e-05,0,0,0,0,0,0
1,0,1,0,12000,0.0,164.0,360.0,1.0,0,12000.0,0.013665527872677276,0.45555555555555555,3.7959799646325766e-05,0,1,0,0,0,0
1,1,0,0,6033,0.0,160.0,360.0,1.0,0,6033.0,0.026516407026847863,0.4444444444444444,7.36566861856885e-05,0,0,1,0,0,0
1,0,1,0,3858,0.0,76.0,360.0,1.0,1,3858.0,0.019694221300855144,0.2111111111111111,5.470617028015318e-05,0,1,0,0,0,0
1,0,1,0,4191,0.0,120.0,360.0,1.0,1,4191.0,0.02862595419847328,0.3333333333333333,7.951653944020355e-05,0,0,0,0,0,0
1,1,1,0,3125,2583.0,170.0,360.0,1.0,0,5708.0,0.02977754422841128,0.4722222222222222,8.271540063447577e-05,1,1,0,1,0,0
1,0,1,0,8333,3750.0,187.0,360.0,1.0,1,12083.0,0.015475008275405495,0.5194444444444445,4.29861340983486e-05,1,0,0,0,0,0
0,1,1,0,3416,2816.0,113.0,360.0,1.0,1,6232.0,0.01812931172789989,0.3138888888888889,5.0359199244166356e-05,1,1,0,0,0,0
1,0,1,1,11000,0.0,83.0,360.0,1.0,0,11000.0,0.007544768657394782,0.23055555555555557,2.095769071498551e-05,0,0,1,0,0,0
1,1,0,0,2600,2500.0,90.0,360.0,1.0,1,5100.0,0.01764359929425603,0.25,4.900999803960008e-05,1,1,0,1,0,0
1,0,1,0,4923,0.0,166.0,360.0,0.0,1,4923.0,0.033712428919577576,0.46111111111111114,9.36456358877155e-05,0,1,0,0,1,0
1,1,0,0,3992,0.0,128.0,180.0,1.0,0,3992.0,0.03205609817180065,0.7111111111111111,0.0001780894342877814,0,0,1,0,0,1
1,1,0,0,3500,1083.0,135.0,360.0,1.0,1,4583.0,0.029450261780104712,0.375,8.18062827225131e-05,1,0,1,1,0,0
1,1,0,0,3917,0.0,124.0,360.0,1.0,1,3917.0,0.03164880040837162,0.34444444444444444,8.791333446769894e-05,0,1,0,0,1,0
0,0,0,0,4408,0.0,120.0,360.0,1.0,1,4408.0,0.027217056021773645,0.3333333333333333,7.560293339381567e-05,0,1,0,0,0,0
0,0,1,0,3244,0.0,80.0,360.0,1.0,1,3244.0,0.02465331278890601,0.2222222222222222,6.84814244136278e-05,0,0,1,0,0,0
1,0,0,0,3975,2531.0,55.0,360.0,1.0,1,6506.0,0.008452435838327955,0.1527777777777778,2.3478988439799876e-05,1,0,0,0,0,0
1,0,1,0,2479,0.0,59.0,360.0,1.0,1,2479.0,0.02379032258064516,0.1638888888888889,6.608422939068101e-05,0,0,1,0,0,0
1,0,1,0,3418,0.0,127.0,360.0,1.0,0,3418.0,0.03714536414156186,0.3527777777777778,0.00010318156705989406,0,1,0,0,0,0
0,0,1,0,10000,0.0,214.0,360.0,1.0,0,10000.0,0.021397860213978603,0.5944444444444444,5.9438500594385005e-05,0,1,0,0,0,0
1,1,1,0,3430,1250.0,128.0,360.0,0.0,0,4680.0,0.027344584490493484,0.35555555555555557,7.595717914025968e-05,1,1,0,0,0,1
1,1,1,1,7787,0.0,240.0,360.0,1.0,1,7787.0,0.030816640986132512,0.6666666666666666,8.560178051703475e-05,0,0,1,1,0,0
1,1,0,1,5703,0.0,130.0,360.0,1.0,1,5703.0,0.02279102384291725,0.3611111111111111,6.330839956365903e-05,0,0,0,0,0,1
1,1,1,0,3173,3021.0,137.0,360.0,1.0,1,6194.0,0.022114608555286523,0.38055555555555554,6.142946820912922e-05,1,0,1,0,0,0
1,1,0,0,3850,983.0,100.0,360.0,1.0,1,4833.0,0.02068680182043856,0.2777777777777778,5.7463338390107116e-05,1,1,0,0,0,1
1,1,1,0,150,1800.0,135.0,360.0,1.0,0,1950.0,0.06919528446950282,0.375,0.00019220912352639673,1,0,0,0,0,0
1,1,1,0,3727,1775.0,131.0,360.0,1.0,1,5502.0,0.023805197165182628,0.3638888888888889,6.612554768106285e-05,1,1,0,0,0,0
1,1,1,0,5000,0.0,72.0,360.0,0.0,0,5000.0,0.014397120575884824,0.2,3.9992001599680064e-05,0,1,0,0,1,0
0,1,1,0,4283,2383.0,127.0,360.0,1.0,1,6666.0,0.01904904754762262,0.3527777777777778,5.291402096561839e-05,1,1,0,0,1,0
1,1,1,0,2221,0.0,60.0,360.0,0.0,0,2221.0,0.027002700270027002,0.16666666666666666,7.5007500750075e-05,0,0,1,0,0,0
1,1,1,0,4009,1717.0,116.0,360.0,1.0,1,5726.0,0.020254932774576566,0.32222222222222224,5.626370215160158e-05,1,1,0,0,1,0
1,0,1,0,2971,2791.0,144.0,360.0,1.0,1,5762.0,0.024986985944820406,0.4,6.94082942911678e-05,1,1,0,0,0,0
1,1,1,0,6250,0.0,128.0,360.0,1.0,1,6250.0,0.020476723724204126,0.35555555555555557,5.687978812278925e-05,0,1,0,0,0,0
1,1,1,0,3250,0.0,170.0,360.0,1.0,0,3250.0,0.05229160258382036,0.4722222222222222,0.00014525445162172322,0,0,0,0,0,0
1,1,1,0,6250,1695.0,210.0,360.0,1.0,1,7945.0,0.02642839164359426,0.5833333333333334,7.341219900998406e-05,1,1,0,0,1,0
1,0,1,1,6400,0.0,200.0,360.0,1.0,1,6400.0,0.031245117950320263,0.5555555555555556,8.679199430644518e-05,0,0,0,0,0,0
1,1,1,0,2491,2054.0,104.0,360.0,1.0,1,4545.0,0.02287725472943247,0.28888888888888886,6.354792980397907e-05,1,1,0,1,0,0
1,1,1,0,3716,0.0,42.0,180.0,1.0,1,3716.0,0.011299435028248588,0.23333333333333334,6.277463904582549e-05,0,0,0,0,0,0
0,0,1,0,8333,0.0,280.0,360.0,1.0,1,8333.0,0.033597312215022795,0.7777777777777778,9.332586726395221e-05,0,1,0,0,0,0
1,1,1,0,3155,1779.0,140.0,360.0,1.0,1,4934.0,0.028368794326241134,0.3888888888888889,7.880220646178094e-05,1,1,0,1,0,0
1,1,1,0,5500,1260.0,170.0,360.0,1.0,1,6760.0,0.025144209436473896,0.4722222222222222,6.984502621242749e-05,1,0,0,1,0,0
1,1,1,0,5746,0.0,255.0,360.0,1.0,0,5746.0,0.044370976161475555,0.7083333333333334,0.00012325271155965432,0,0,1,0,0,0
0,0,1,1,3463,0.0,122.0,360.0,1.0,1,3463.0,0.03521939953810624,0.3388888888888889,9.783166538362844e-05,0,0,1,0,0,0
0,0,1,0,3812,0.0,112.0,360.0,1.0,1,3812.0,0.02937319695777603,0.3111111111111111,8.159221377160009e-05,0,0,0,1,0,0
1,1,1,0,3315,0.0,96.0,360.0,1.0,1,3315.0,0.028950542822677925,0.26666666666666666,8.041817450743868e-05,0,1,0,1,0,0
1,1,1,0,5819,5000.0,120.0,360.0,1.0,1,10819.0,0.011090573012939002,0.3333333333333333,3.080714725816389e-05,1,0,0,0,1,0
1,1,0,0,2510,1983.0,140.0,180.0,1.0,0,4493.0,0.03115264797507788,0.7777777777777778,0.00017307026652821047,1,0,1,1,0,0
1,0,1,0,2965,5701.0,155.0,60.0,1.0,1,8666.0,0.017883927541248415,2.5833333333333335,0.0002980654590208069,1,0,1,0,0,0
1,1,1,1,6250,1300.0,108.0,360.0,1.0,1,7550.0,0.014302741358760428,0.3,3.972983710766786e-05,1,0,0,0,1,0
1,1,0,0,3406,4417.0,123.0,360.0,1.0,1,7823.0,0.01572085889570552,0.3416666666666667,4.3669052488070895e-05,1,1,0,0,0,0
1,0,1,1,6050,4333.0,120.0,180.0,1.0,0,10383.0,0.011556240369799691,0.6666666666666666,6.420133538777607e-05,1,0,1,0,0,0
1,1,1,0,9703,0.0,112.0,360.0,1.0,1,9703.0,0.011541632316570486,0.3111111111111111,3.206008976825135e-05,0,0,1,0,1,0
1,1,0,0,6608,0.0,137.0,180.0,1.0,1,6608.0,0.02072930851868664,0.7611111111111111,0.00011516282510381465,0,0,1,1,0,0
1,1,1,0,2882,1843.0,123.0,480.0,1.0,1,4725.0,0.026026237833262803,0.25625,5.4221328819297496e-05,1,1,0,1,0,0
1,1,1,0,1809,1868.0,90.0,360.0,1.0,1,3677.0,0.024469820554649267,0.25,6.797172376291462e-05,1,0,1,0,0,0
1,1,0,0,1668,3890.0,201.0,360.0,0.0,0,5558.0,0.03615758229897464,0.5583333333333333,0.00010043772860826288,1,1,0,0,0,0
0,0,1,0,3427,0.0,138.0,360.0,1.0,0,3427.0,0.040256709451575265,0.38333333333333336,0.0001118241929210424,0,0,1,0,1,0
1,0,0,1,2583,2167.0,104.0,360.0,1.0,1,4750.0,0.02189012839402231,0.28888888888888886,6.0805912205617525e-05,1,0,0,0,0,0
1,1,0,0,2661,7101.0,279.0,180.0,1.0,1,9762.0,0.0285772815732869,1.55,0.00015876267540714943,1,1,0,1,0,0
1,0,1,1,16250,0.0,192.0,360.0,0.0,0,16250.0,0.011814657559534798,0.5333333333333333,3.2818493220929996e-05,0,0,1,0,0,0
0,0,1,0,3083,0.0,255.0,360.0,1.0,1,3083.0,0.08268482490272373,0.7083333333333334,0.00022968006917423262,0,0,0,0,0,1
1,0,0,0,6045,0.0,115.0,360.0,0.0,0,6045.0,0.01902084022494211,0.3194444444444444,5.2835667291505856e-05,0,0,0,0,0,0
1,1,1,0,5250,0.0,94.0,360.0,1.0,0,5250.0,0.017901352123405066,0.2611111111111111,4.972597812056963e-05,0,0,1,0,0,1
1,1,1,0,14683,2100.0,304.0,360.0,1.0,0,16783.0,0.01811248808388942,0.8444444444444444,5.0312466899692827e-05,1,0,0,0,0,0
1,1,0,0,4931,0.0,128.0,360.0,1.0,0,4931.0,0.025952960259529603,0.35555555555555557,7.209155627647112e-05,0,1,0,0,0,1
1,1,1,0,6083,4250.0,330.0,360.0,1.0,1,10333.0,0.03193342365008709,0.9166666666666666,8.870395458357525e-05,1,0,1,1,0,0
1,0,1,0,2060,2209.0,134.0,360.0,1.0,1,4269.0,0.03138173302107728,0.37222222222222223,8.717148061410356e-05,1,1,0,0,0,0
0,0,1,0,3481,0.0,155.0,36.0,1.0,0,3481.0,0.04451464675473866,4.305555555555555,0.001236517965409407,0,1,0,1,0,0
0,0,1,0,7200,0.0,120.0,360.0,1.0,1,7200.0,0.016664352173309263,0.3333333333333333,4.628986714808128e-05,0,0,0,0,0,0
1,0,1,1,5166,0.0,128.0,360.0,1.0,1,5166.0,0.0247725953164312,0.35555555555555557,6.881276476786444e-05,0,1,0,0,0,0
1,0,1,0,4095,3447.0,151.0,360.0,1.0,1,7542.0,0.020018560254540633,0.41944444444444445,5.560711181816843e-05,1,0,0,0,0,0
1,1,1,0,4708,1387.0,150.0,360.0,1.0,1,6095.0,0.024606299212598427,0.4166666666666667,6.835083114610674e-05,1,1,0,0,1,0
1,1,1,0,4333,1811.0,160.0,360.0,0.0,1,6144.0,0.026037428803905614,0.4444444444444444,7.232619112196004e-05,1,0,1,0,0,1
0,0,1,0,3418,0.0,135.0,360.0,1.0,0,3418.0,0.03948522959929804,0.375,0.00010968119333138345,0,0,0,0,0,0
0,0,1,0,2876,1560.0,90.0,360.0,1.0,1,4436.0,0.02028397565922921,0.25,5.634437683119225e-05,1,0,1,1,0,0
0,0,1,0,3237,0.0,30.0,360.0,1.0,1,3237.0,0.00926497838171711,0.08333333333333333,2.5736051060325302e-05,0,0,1,0,0,0
1,1,1,0,11146,0.0,136.0,360.0,1.0,1,11146.0,0.01220059208755719,0.37777777777777777,3.389053357654775e-05,0,0,1,0,0,0
1,0,1,0,2833,1857.0,126.0,360.0,1.0,1,4690.0,0.026859944574717545,0.35,7.461095715199317e-05,1,0,0,0,0,0
1,1,1,0,2620,2223.0,150.0,360.0,1.0,1,4843.0,0.030966143682906688,0.4166666666666667,8.601706578585192e-05,1,1,0,0,0,0
1,1,1,0,3900,0.0,90.0,360.0,1.0,1,3900.0,0.023071007433991285,0.25,6.40861317610869e-05,0,1,0,0,1,0
1,1,1,0,2750,1842.0,115.0,360.0,1.0,1,4592.0,0.025038101458741562,0.3194444444444444,6.955028182983768e-05,1,1,0,1,0,0
1,1,1,0,3993,3274.0,207.0,360.0,1.0,1,7267.0,0.028481012658227847,0.575,7.91139240506329e-05,1,1,0,0,0,0
1,1,1,0,3103,1300.0,80.0,360.0,1.0,1,4403.0,0.018165304268846504,0.2222222222222222,5.0459178524573616e-05,1,0,1,0,0,0
1,1,1,0,14583,0.0,436.0,360.0,1.0,1,14583.0,0.029895776193088315,1.211111111111111,8.304382275857864e-05,0,1,0,0,0,0
0,1,0,0,4100,0.0,124.0,360.0,1.0,1,4100.0,0.03023652767617654,0.34444444444444444,8.399035465604595e-05,0,0,0,0,0,0
1,0,0,1,4053,2426.0,158.0,360.0,0.0,0,6479.0,0.024382716049382715,0.4388888888888889,6.772976680384087e-05,1,0,1,1,0,0
1,1,1,0,3927,800.0,112.0,360.0,1.0,1,4727.0,0.023688663282571912,0.3111111111111111,6.580184245158865e-05,1,1,0,0,0,0
1,1,1,0,2301,985.7999878,78.0,180.0,1.0,1,3286.7999878,0.023724070895259342,0.43333333333333335,0.0001318003938625519,1,0,1,0,1,0
0,0,1,0,1811,1666.0,54.0,360.0,1.0,1,3477.0,0.015526164462334674,0.15,4.312823461759632e-05,1,0,1,0,0,0
1,1,1,0,20667,0.0,128.0,360.0,1.0,0,20667.0,0.0061931488291078,0.35555555555555557,1.720319119196611e-05,0,0,0,0,0,0
1,0,1,0,3158,3053.0,89.0,360.0,1.0,1,6211.0,0.014327108821635544,0.24722222222222223,3.9797524504543176e-05,1,0,0,0,0,0
0,0,1,1,2600,1717.0,99.0,300.0,1.0,0,4317.0,0.022927281148679944,0.33,7.642427049559982e-05,1,1,0,0,0,0
1,1,1,0,3704,2000.0,120.0,360.0,1.0,1,5704.0,0.021034180543382998,0.3333333333333333,5.842827928717499e-05,1,0,0,0,0,0
0,0,1,0,4124,0.0,115.0,360.0,1.0,1,4124.0,0.027878787878787878,0.3194444444444444,7.744107744107743e-05,0,1,0,0,0,0
1,0,1,0,9508,0.0,187.0,360.0,1.0,1,9508.0,0.019665579976864023,0.5194444444444445,5.462661104684451e-05,0,0,0,0,0,0
1,1,1,0,3075,2416.0,139.0,360.0,1.0,1,5491.0,0.02530954115076475,0.3861111111111111,7.030428097434653e-05,1,0,0,0,0,0
1,1,1,0,4400,0.0,127.0,360.0,0.0,0,4400.0,0.028857077936832537,0.3527777777777778,8.015854982453483e-05,0,1,0,0,1,0
1,1,1,0,3153,1560.0,134.0,360.0,1.0,1,4713.0,0.028425965210012727,0.37222222222222223,7.896101447225759e-05,1,0,1,0,1,0
1,1,1,0,2383,3334.0,172.0,360.0,1.0,1,5717.0,0.030080447708989155,0.4777777777777778,8.355679919163655e-05,1,1,0,0,0,0
1,1,1,0,4416,1250.0,110.0,360.0,1.0,1,5666.0,0.019410622904535026,0.3055555555555556,5.391839695704175e-05,1,0,1,0,0,1
1,1,1,0,6875,0.0,200.0,360.0,1.0,1,6875.0,0.029086678301337987,0.5555555555555556,8.079632861482775e-05,0,1,0,1,0,0
0,1,1,0,4666,0.0,135.0,360.0,1.0,1,4666.0,0.028926505249625027,0.375,8.035140347118064e-05,0,0,1,1,0,0
0,0,1,0,5000,2541.0,151.0,480.0,1.0,0,7541.0,0.02002121453195439,0.3145833333333333,4.1710863608238306e-05,1,0,0,0,0,0
1,1,1,0,2014,2925.0,113.0,360.0,1.0,0,4939.0,0.022874493927125508,0.3138888888888889,6.354026090868197e-05,1,0,1,1,0,0
1,1,0,0,1800,2934.0,93.0,360.0,0.0,0,4734.0,0.019640971488912355,0.25833333333333336,5.455825413586766e-05,1,0,1,0,0,0
0,0,1,0,5000,0.0,132.0,360.0,1.0,1,5000.0,0.026394721055788842,0.36666666666666664,7.331866959941345e-05,0,0,0,0,0,0
1,1,1,0,1625,1803.0,96.0,360.0,1.0,1,3428.0,0.02799650043744532,0.26666666666666666,7.776805677068144e-05,1,0,1,1,0,0
1,0,1,0,4000,2500.0,140.0,360.0,1.0,1,6500.0,0.02153514843870174,0.3888888888888889,5.98198567741715e-05,1,0,0,0,0,0
1,0,0,0,2000,0.0,128.0,360.0,1.0,0,2000.0,0.063968015992004,0.35555555555555557,0.00017768893331112222,0,0,1,0,0,0
0,0,1,0,3762,1666.0,135.0,360.0,1.0,1,5428.0,0.024866457911217537,0.375,6.907349419782648e-05,1,0,0,0,0,0
0,0,1,0,2400,1863.0,104.0,360.0,0.0,0,4263.0,0.024390243902439025,0.28888888888888886,6.775067750677507e-05,1,0,1,0,0,0
1,0,1,0,20233,0.0,480.0,360.0,1.0,0,20233.0,0.023722447365819906,1.3333333333333333,6.589568712727751e-05,0,0,0,0,0,0
1,1,0,0,7667,0.0,185.0,360.0,1.0,1,7667.0,0.02412623891497131,0.5138888888888888,6.701733031936474e-05,0,0,0,0,1,0
0,0,1,0,2917,0.0,84.0,360.0,1.0,1,2917.0,0.02878684030157642,0.23333333333333334,7.996344528215673e-05,0,1,0,0,0,0
1,0,0,0,2927,2405.0,111.0,360.0,1.0,1,5332.0,0.02081380086255391,0.30833333333333335,5.7816113507094196e-05,1,1,0,0,0,0
0,0,1,0,2507,0.0,56.0,360.0,1.0,1,2507.0,0.022328548644338118,0.15555555555555556,6.202374623427255e-05,0,0,0,0,0,0
1,1,1,1,5746,0.0,144.0,84.0,1.0,1,5746.0,0.02505655124412737,1.7142857142857142,0.00029829227671580204,0,0,0,0,1,0
1,1,0,0,3399,1640.0,111.0,180.0,1.0,1,5039.0,0.022023809523809525,0.6166666666666667,0.00012235449735449735,1,0,1,1,0,0
1,1,1,0,3717,0.0,120.0,360.0,1.0,1,3717.0,0.0322754168908015,0.3333333333333333,8.965393580778195e-05,0,1,0,0,1,0
1,1,1,0,2058,2134.0,88.0,360.0,1.0,1,4192.0,0.020987359885523492,0.24444444444444444,5.829822190423192e-05,1,0,1,0,0,0
0,0,1,0,3541,0.0,112.0,360.0,1.0,1,3541.0,0.03162055335968379,0.3111111111111111,8.78348704435661e-05,0,1,0,1,0,0
1,1,1,1,10000,0.0,155.0,360.0,1.0,0,10000.0,0.015498450154984501,0.4305555555555556,4.305125043051251e-05,0,0,0,1,0,0
1,1,1,0,2400,2167.0,115.0,360.0,1.0,1,4567.0,0.025175131348511383,0.3194444444444444,6.993092041253162e-05,1,1,0,0,0,0
1,1,1,0,4342,189.0,124.0,360.0,1.0,1,4531.0,0.02736098852603707,0.34444444444444444,7.600274590565852e-05,1,1,0,0,0,1
1,1,0,0,3601,1590.0,128.0,360.0,1.0,1,5191.0,0.02465331278890601,0.35555555555555557,6.84814244136278e-05,1,0,0,0,1,0
0,0,1,0,3166,2985.0,132.0,360.0,1.0,1,6151.0,0.021456436931079324,0.36666666666666664,5.960121369744256e-05,1,0,0,0,0,0
1,1,1,0,15000,0.0,300.0,360.0,1.0,1,15000.0,0.01999866675554963,0.8333333333333334,5.555185209874897e-05,0,0,0,0,0,1
1,1,1,1,8666,4983.0,376.0,360.0,0.0,0,13649.0,0.027545787545787546,1.0444444444444445,7.651607651607653e-05,1,0,0,1,0,0
1,0,1,0,4917,0.0,130.0,360.0,0.0,1,4917.0,0.026433509556730378,0.3611111111111111,7.342641543536216e-05,0,0,0,0,0,0
1,1,1,1,5818,2160.0,184.0,360.0,1.0,1,7978.0,0.023060533901491414,0.5111111111111111,6.405703861525393e-05,1,1,0,0,0,0
0,1,1,0,4333,2451.0,110.0,360.0,1.0,0,6784.0,0.016212232866617538,0.3055555555555556,4.503398018504872e-05,1,0,1,0,0,0
0,0,1,0,2500,0.0,67.0,360.0,1.0,1,2500.0,0.026789284286285485,0.18611111111111112,7.441467857301524e-05,0,0,1,0,0,0
1,0,1,0,4384,1793.0,117.0,360.0,1.0,1,6177.0,0.018938167691809647,0.325,5.260602136613791e-05,1,0,1,1,0,0
1,0,1,0,2935,0.0,98.0,360.0,1.0,1,2935.0,0.03337874659400545,0.2722222222222222,9.271874053890402e-05,0,1,0,0,0,0
1,1,1,0,63337,0.0,490.0,180.0,1.0,1,63337.0,0.007736272064163693,2.7222222222222223,4.2979289245353854e-05,0,0,1,0,0,0
1,1,1,0,5250,688.0,160.0,360.0,1.0,1,5938.0,0.02694056238423977,0.4444444444444444,7.483489551177714e-05,1,0,0,1,0,0
1,1,1,1,2500,4600.0,176.0,360.0,1.0,1,7100.0,0.024785241515279537,0.4888888888888889,6.884789309799871e-05,1,0,0,0,1,0
0,0,0,0,1830,0.0,128.0,360.0,0.0,0,1830.0,0.06990715456034953,0.35555555555555557,0.0001941865404454154,0,0,1,0,0,1
0,0,1,0,4160,0.0,71.0,360.0,1.0,1,4160.0,0.017063205960105743,0.19722222222222222,4.7397794333627066e-05,0,1,0,0,0,0
1,1,0,0,2647,1587.0,173.0,360.0,1.0,0,4234.0,0.04085005903187721,0.48055555555555557,0.00011347238619965894,1,0,0,0,0,1
0,0,1,0,2378,0.0,46.0,360.0,1.0,0,2378.0,0.019335855401429174,0.12777777777777777,5.371070944841436e-05,0,0,0,0,0,0
1,1,0,0,4554,1229.0,158.0,360.0,1.0,1,5783.0,0.02731673582295989,0.4388888888888889,7.587982173044413e-05,1,0,1,1,0,0
1,1,0,0,3173,0.0,74.0,360.0,1.0,1,3173.0,0.023314429741650915,0.20555555555555555,6.47623048379192e-05,0,1,0,0,0,1
1,1,1,0,2583,2330.0,125.0,360.0,1.0,1,4913.0,0.02543752543752544,0.3472222222222222,7.06597928820151e-05,1,0,0,0,1,0
1,1,1,0,2499,2458.0,160.0,360.0,1.0,1,4957.0,0.03227107704719645,0.4444444444444444,8.96418806866568e-05,1,1,0,0,0,0
1,1,0,0,3083,2168.0,126.0,360.0,1.0,1,5251.0,0.02399086062452399,0.35,6.664127951256663e-05,1,0,1,0,1,0
1,1,1,0,6333,4583.0,259.0,360.0,1.0,1,10916.0,0.023724466428506,0.7194444444444444,6.590129563473889e-05,1,1,0,0,0,0
1,1,1,0,2625,6250.0,187.0,360.0,1.0,1,8875.0,0.02106804867057233,0.5194444444444445,5.8522357418256477e-05,1,0,0,0,0,0
1,1,1,0,9083,0.0,228.0,360.0,1.0,1,9083.0,0.02509907529722589,0.6333333333333333,6.971965360340525e-05,0,1,0,0,0,0
1,0,1,0,8750,4167.0,308.0,360.0,1.0,0,12917.0,0.02384270010837591,0.8555555555555555,6.622972252326641e-05,1,0,0,0,0,0
1,1,1,0,2666,2083.0,95.0,360.0,1.0,1,4749.0,0.02,0.2638888888888889,5.555555555555556e-05,1,0,0,0,0,1
0,1,1,1,5500,0.0,105.0,360.0,0.0,0,5500.0,0.019087438647518634,0.2916666666666667,5.302066290977399e-05,0,0,0,0,0,0
0,1,1,0,2423,505.0,130.0,360.0,1.0,1,2928.0,0.04438374871969956,0.3611111111111111,0.00012328819088805432,1,1,0,0,0,0
1,1,1,0,8333,3167.0,165.0,360.0,1.0,1,11500.0,0.014346578558386227,0.4583333333333333,3.9851607106628406e-05,1,0,0,0,1,0
1,1,1,0,3875,0.0,67.0,360.0,1.0,0,3875.0,0.017285861713106296,0.18611111111111112,4.8016282536406376e-05,0,0,1,1,0,0
1,1,0,0,3000,1666.0,100.0,480.0,0.0,0,4666.0,0.021427040925648167,0.20833333333333334,4.463966859510035e-05,1,0,1,0,0,0
1,1,1,0,5167,3167.0,200.0,360.0,1.0,1,8334.0,0.02399520095980804,0.5555555555555556,6.665333599946678e-05,1,1,0,0,0,1
0,0,1,0,4723,0.0,81.0,360.0,1.0,0,4723.0,0.01714648602878916,0.225,4.762912785774767e-05,0,1,0,1,0,0
1,1,1,0,5000,3667.0,236.0,360.0,1.0,1,8667.0,0.02722658052607291,0.6555555555555556,7.562939035020254e-05,1,1,0,0,1,0
1,1,1,0,4750,2333.0,130.0,360.0,1.0,1,7083.0,0.018351214003387916,0.3611111111111111,5.097559445385532e-05,1,0,1,0,0,0
1,1,1,0,3013,3033.0,95.0,300.0,1.0,1,6046.0,0.015710269555151316,0.31666666666666665,5.2367565183837714e-05,1,0,1,0,0,0
1,0,1,1,6822,0.0,141.0,360.0,1.0,1,6822.0,0.020665396453173092,0.39166666666666666,5.740387903659192e-05,0,0,0,0,0,0
1,0,0,0,6216,0.0,133.0,360.0,1.0,0,6216.0,0.021392954801351134,0.36944444444444446,5.94248744481976e-05,0,0,0,0,0,0
1,0,1,0,2500,0.0,96.0,480.0,1.0,0,2500.0,0.03838464614154338,0.2,7.996801279488205e-05,0,1,0,0,0,0
1,1,1,0,6325,0.0,175.0,360.0,1.0,1,6325.0,0.027663610496364212,0.4861111111111111,7.684336248990059e-05,0,1,0,1,0,0
1,1,1,0,19730,5266.0,570.0,360.0,1.0,0,24996.0,0.022802736328359403,1.5833333333333333,6.334093424544278e-05,1,0,0,0,0,0
0,0,1,1,15759,0.0,55.0,360.0,1.0,1,15759.0,0.0034898477157360407,0.1527777777777778,9.694021432600114e-06,0,1,0,0,0,0
1,1,1,0,5185,0.0,155.0,360.0,1.0,1,5185.0,0.029888160431932126,0.4305555555555556,8.302266786647812e-05,0,1,0,0,1,0
1,1,1,1,9323,7873.0,380.0,300.0,1.0,1,17196.0,0.02209687736233064,1.2666666666666666,7.365625787443546e-05,1,0,0,0,1,0
1,0,1,0,3062,1987.0,111.0,180.0,0.0,0,5049.0,0.02198019801980198,0.6166666666666667,0.00012211221122112212,1,0,1,1,0,0
0,0,1,0,2764,1459.0,110.0,360.0,1.0,1,4223.0,0.026041666666666668,0.3055555555555556,7.233796296296297e-05,1,0,1,0,0,0
1,1,1,0,4817,923.0,120.0,180.0,1.0,1,5740.0,0.020902281832433374,0.6666666666666666,0.00011612378795796319,1,0,1,0,0,0
1,1,1,0,8750,4996.0,130.0,360.0,1.0,1,13746.0,0.009456608714628646,0.3611111111111111,2.626835754063513e-05,1,0,0,0,0,1
1,1,1,0,4310,0.0,130.0,360.0,1.0,1,4310.0,0.03015541637671074,0.3611111111111111,8.376504549086316e-05,0,1,0,0,0,0
1,0,1,0,3069,0.0,71.0,480.0,1.0,0,3069.0,0.023127035830618894,0.14791666666666667,4.8181324647122694e-05,0,0,1,0,0,0
1,1,1,0,5391,0.0,130.0,360.0,1.0,1,5391.0,0.02410979228486647,0.3611111111111111,6.69716452357402e-05,0,0,1,0,1,0
1,1,1,0,3333,2500.0,128.0,360.0,1.0,1,5833.0,0.021940349674322936,0.35555555555555557,6.0945415762008155e-05,1,1,0,0,0,0
1,0,1,0,5941,4232.0,296.0,360.0,1.0,1,10173.0,0.029093768429329665,0.8222222222222222,8.081602341480462e-05,1,1,0,0,0,0
0,0,1,0,6000,0.0,156.0,360.0,1.0,1,6000.0,0.02599566738876854,0.43333333333333335,7.221018719102372e-05,0,0,1,0,0,0
1,0,1,1,7167,0.0,128.0,360.0,1.0,1,7167.0,0.017857142857142856,0.35555555555555557,4.96031746031746e-05,0,0,1,0,0,0
1,1,1,0,4566,0.0,100.0,360.0,1.0,0,4566.0,0.02189621195533173,0.2777777777777778,6.082281098703258e-05,0,0,1,0,1,0
1,0,1,0,3667,0.0,113.0,180.0,1.0,1,3667.0,0.030806979280261722,0.6277777777777778,0.0001711498848903429,0,0,1,1,0,0
1,0,0,0,2346,1600.0,132.0,360.0,1.0,1,3946.0,0.03344312135799341,0.36666666666666664,9.289755932775947e-05,1,1,0,0,0,0
1,1,0,0,3010,3136.0,128.0,360.0,0.0,0,6146.0,0.020823165771921264,0.35555555555555557,5.784212714422573e-05,1,0,1,0,0,0
1,1,1,0,2333,2417.0,136.0,360.0,1.0,1,4750.0,0.028625552515259944,0.37777777777777777,7.951542365349984e-05,1,0,1,0,0,0
1,1,1,0,5488,0.0,125.0,360.0,1.0,1,5488.0,0.02277281836400073,0.3472222222222222,6.32578287888909e-05,0,0,0,0,0,0
1,0,1,0,9167,0.0,185.0,360.0,1.0,1,9167.0,0.02017888307155323,0.5138888888888888,5.6052452976536744e-05,0,0,0,0,0,1
1,1,1,0,9504,0.0,275.0,360.0,1.0,1,9504.0,0.028932140978432403,0.7638888888888888,8.036705827342334e-05,0,0,0,0,0,1
1,1,1,0,2583,2115.0,120.0,360.0,1.0,1,4698.0,0.02553734837199404,0.3333333333333333,7.093707881109456e-05,1,0,1,0,0,0
1,1,0,0,1993,1625.0,113.0,180.0,1.0,1,3618.0,0.031224095053882288,0.6277777777777778,0.0001734671947437905,1,1,0,0,1,0
1,1,1,0,3100,1400.0,113.0,360.0,1.0,1,4500.0,0.025105532103976893,0.3138888888888889,6.973758917771359e-05,1,0,1,0,1,0
1,1,1,0,3276,484.0,135.0,360.0,1.0,1,3760.0,0.035894708854028186,0.375,9.970752459452273e-05,1,1,0,0,1,0
0,0,1,0,3180,0.0,71.0,360.0,0.0,0,3180.0,0.022320025149324112,0.19722222222222222,6.200006985923365e-05,0,0,1,0,0,0
1,1,1,0,3033,1459.0,95.0,360.0,1.0,1,4492.0,0.021144001780547518,0.2638888888888889,5.8733338279298665e-05,1,0,1,0,0,0
1,0,0,0,3902,1666.0,109.0,360.0,1.0,1,5568.0,0.019572634225175075,0.30277777777777776,5.4368428403264095e-05,1,0,0,0,0,0
0,0,1,0,1500,1800.0,103.0,360.0,0.0,0,3300.0,0.031202665858830657,0.2861111111111111,8.667407183008515e-05,1,1,0,0,0,0
1,1,0,0,2889,0.0,45.0,180.0,0.0,0,2889.0,0.015570934256055362,0.25,8.650519031141868e-05,0,0,1,0,1,0
1,0,0,0,2755,0.0,65.0,300.0,1.0,0,2755.0,0.02358490566037736,0.21666666666666667,7.861635220125786e-05,0,0,0,0,0,0
1,0,1,0,2500,20000.0,103.0,360.0,1.0,1,22500.0,0.004577574330029776,0.2861111111111111,1.2715484250082712e-05,1,1,0,0,0,0
0,0,0,0,1963,0.0,53.0,360.0,1.0,1,1963.0,0.0269857433808554,0.14722222222222223,7.496039828015388e-05,0,1,0,0,0,0
0,0,1,1,7441,0.0,194.0,360.0,1.0,0,7441.0,0.026068261220102123,0.5388888888888889,7.241183672250589e-05,0,0,0,0,0,0
0,0,1,0,4547,0.0,115.0,360.0,1.0,1,4547.0,0.0252858399296394,0.3194444444444444,7.023844424899833e-05,0,1,0,0,0,0
1,1,0,0,2167,2400.0,115.0,360.0,1.0,1,4567.0,0.025175131348511383,0.3194444444444444,6.993092041253162e-05,1,0,1,0,0,0
0,0,0,0,2213,0.0,66.0,360.0,1.0,1,2213.0,0.02981029810298103,0.18333333333333332,8.280638361939174e-05,0,0,0,0,0,0
1,1,1,0,8300,0.0,152.0,300.0,0.0,0,8300.0,0.018311046861823877,0.5066666666666667,6.103682287274626e-05,0,1,0,1,0,0
1,1,1,0,81000,0.0,360.0,360.0,0.0,0,81000.0,0.00444438957543734,1.0,1.2345526598437056e-05,0,0,0,0,0,1
0,0,0,1,3867,0.0,62.0,360.0,1.0,0,3867.0,0.016028955532574975,0.17222222222222222,4.452487647937493e-05,0,1,0,1,0,0
1,1,1,0,6256,0.0,160.0,360.0,1.0,1,6256.0,0.02557136007671408,0.4444444444444444,7.103155576865022e-05,0,0,1,0,0,0
1,1,0,0,6096,0.0,218.0,360.0,0.0,0,6096.0,0.03575528948663277,0.6055555555555555,9.932024857397991e-05,0,0,0,0,0,0
1,1,0,0,2253,2033.0,110.0,360.0,1.0,1,4286.0,0.025658968975973875,0.3055555555555556,7.127491382214966e-05,1,0,0,0,0,0
0,1,0,0,2149,3237.0,178.0,360.0,0.0,0,5386.0,0.033042509745684054,0.49444444444444446,9.178474929356682e-05,1,1,0,0,0,0
0,0,1,0,2995,0.0,60.0,360.0,1.0,1,2995.0,0.020026702269692925,0.16666666666666666,5.562972852692479e-05,0,0,1,0,0,0
0,0,1,0,2600,0.0,160.0,360.0,1.0,0,2600.0,0.06151480199923107,0.4444444444444444,0.00017087444999786406,0,0,1,1,0,0
1,1,1,1,1600,20000.0,239.0,360.0,1.0,0,21600.0,0.011064302578584324,0.6638888888888889,3.07341738294009e-05,1,0,1,0,1,0
1,1,1,0,1025,2773.0,112.0,360.0,1.0,1,3798.0,0.029481442484864437,0.3111111111111111,8.189289579129011e-05,1,0,0,0,0,0
1,1,1,0,3246,1417.0,138.0,360.0,1.0,1,4663.0,0.029588336192109776,0.38333333333333336,8.218982275586049e-05,1,1,0,0,0,0
1,1,1,0,5829,0.0,138.0,360.0,1.0,1,5829.0,0.023670668953687822,0.38333333333333336,6.57518582046884e-05,0,0,0,0,0,0
1,1,1,0,1820,1719.0,100.0,360.0,1.0,1,3539.0,0.02824858757062147,0.2777777777777778,7.846829880728186e-05,1,0,1,0,0,0
1,1,1,0,14880,0.0,96.0,360.0,1.0,1,14880.0,0.00645117935622606,0.26666666666666666,1.79199426561835e-05,0,1,0,0,0,0
1,1,1,0,2666,4300.0,121.0,360.0,1.0,1,6966.0,0.017367590067460886,0.33611111111111114,4.824330574294691e-05,1,0,0,0,0,0
0,0,0,0,4606,0.0,81.0,360.0,1.0,0,4606.0,0.017581940525287606,0.225,4.883872368135446e-05,0,0,0,1,0,0
1,1,1,0,5935,0.0,133.0,360.0,1.0,1,5935.0,0.02240566037735849,0.36944444444444446,6.223794549266248e-05,0,1,0,0,1,0
1,1,1,0,2920,16.12000084,87.0,360.0,1.0,1,2936.12000084,0.02962085307209732,0.24166666666666667,8.228014742249255e-05,1,0,0,0,0,0
1,0,0,0,2717,0.0,60.0,180.0,1.0,1,2717.0,0.02207505518763797,0.3333333333333333,0.0001226391954868776,0,0,1,0,0,0
0,0,1,1,8624,0.0,150.0,360.0,1.0,1,8624.0,0.017391304347826087,0.4166666666666667,4.830917874396135e-05,0,1,0,1,0,0
1,0,1,0,6500,0.0,105.0,360.0,0.0,0,6500.0,0.016151361329026302,0.2916666666666667,4.486489258062863e-05,0,0,0,0,0,0
1,0,1,0,12876,0.0,405.0,360.0,1.0,1,12876.0,0.03145142502135591,1.125,8.73650695037664e-05,0,1,0,0,0,0
1,1,1,0,2425,2340.0,143.0,360.0,1.0,1,4765.0,0.03000419639110365,0.3972222222222222,8.334498997528791e-05,1,1,0,0,0,0
1,0,1,0,3750,0.0,100.0,360.0,1.0,1,3750.0,0.026659557451346308,0.2777777777777778,7.405432625373974e-05,0,0,1,0,0,0
1,0,1,0,1926,1851.0,50.0,360.0,1.0,1,3777.0,0.013234515616728428,0.1388888888888889,3.676254337980119e-05,1,1,0,0,0,0
1,1,1,0,2213,1125.0,128.0,360.0,1.0,1,3338.0,0.03833483078766098,0.35555555555555557,0.00010648564107683605,1,0,1,0,0,0
1,0,1,1,10416,0.0,187.0,360.0,0.0,0,10416.0,0.01795142555438226,0.5194444444444445,4.986507098439517e-05,0,0,1,0,0,0
0,1,0,1,7142,0.0,138.0,360.0,1.0,1,7142.0,0.019319613607727847,0.38333333333333336,5.3665593354799575e-05,0,0,0,0,0,0
1,0,1,0,3660,5064.0,187.0,360.0,1.0,1,8724.0,0.021432664756446992,0.5194444444444445,5.953517987901943e-05,1,1,0,0,0,0
1,1,1,0,7901,1833.0,180.0,360.0,1.0,1,9734.0,0.01848998459167951,0.5,5.1361068310220854e-05,1,0,0,0,0,0
1,0,0,0,4707,1993.0,148.0,360.0,1.0,1,6700.0,0.022086255782718996,0.4111111111111111,6.135071050755276e-05,1,1,0,0,0,1
1,0,1,0,37719,0.0,152.0,360.0,1.0,1,37719.0,0.004029692470837752,0.4222222222222222,1.1193590196771532e-05,0,1,0,1,0,0
1,1,1,0,7333,8333.0,175.0,300.0,1.0,1,15666.0,0.011169975106912618,0.5833333333333334,3.7233250356375395e-05,1,0,0,0,0,0
1,1,1,1,3466,1210.0,130.0,360.0,1.0,1,4676.0,0.027795595467179815,0.3611111111111111,7.720998740883282e-05,1,0,0,1,0,0
1,1,0,0,4652,0.0,110.0,360.0,1.0,1,4652.0,0.02364066193853428,0.3055555555555556,6.566850538481745e-05,0,0,0,0,1,0
1,1,1,0,3539,1376.0,55.0,360.0,1.0,0,4915.0,0.011187957689178194,0.1527777777777778,3.1077660247717204e-05,1,0,0,0,0,0
1,1,1,0,3340,1710.0,150.0,360.0,0.0,0,5050.0,0.02969708968521085,0.4166666666666667,8.249191579225237e-05,1,0,0,0,1,0
1,0,0,1,2769,1542.0,190.0,360.0,1.0,0,4311.0,0.04406307977736549,0.5277777777777778,0.00012239744382601525,1,1,0,1,0,0
1,1,0,0,2309,1255.0,125.0,360.0,0.0,0,3564.0,0.03506311360448808,0.3472222222222222,9.739753779024466e-05,1,0,0,0,1,0
1,1,0,0,1958,1456.0,60.0,300.0,1.0,1,3414.0,0.017569546120058566,0.2,5.856515373352855e-05,1,0,1,0,1,0
1,1,1,0,3948,1733.0,149.0,360.0,0.0,0,5681.0,0.026223160858852516,0.41388888888888886,7.284211349681254e-05,1,0,0,0,0,0
1,1,1,0,2483,2466.0,90.0,180.0,0.0,1,4949.0,0.01818181818181818,0.5,0.00010101010101010101,1,0,0,0,0,0
1,0,1,1,7085,0.0,84.0,360.0,1.0,1,7085.0,0.011854360711261643,0.23333333333333334,3.2928779753504563e-05,0,1,0,0,0,0
1,1,1,0,3859,0.0,96.0,360.0,1.0,1,3859.0,0.024870466321243522,0.26666666666666666,6.90846286701209e-05,0,1,0,0,1,0
1,1,1,0,4301,0.0,118.0,360.0,1.0,1,4301.0,0.027429102742910275,0.3277777777777778,7.619195206363965e-05,0,0,1,0,0,0
1,1,1,0,3708,2569.0,173.0,360.0,1.0,0,6277.0,0.027556546670914304,0.48055555555555557,7.654596297476196e-05,1,0,1,0,0,0
1,0,1,0,4354,0.0,136.0,360.0,1.0,1,4354.0,0.031228473019517797,0.37777777777777777,8.674575838754943e-05,0,0,0,0,1,0
1,1,1,0,8334,0.0,160.0,360.0,1.0,0,8334.0,0.01919616076784643,0.4444444444444444,5.3322668799573416e-05,0,1,0,0,0,0
1,1,1,0,7740,0.0,128.0,180.0,1.0,1,7740.0,0.016535331352538433,0.7111111111111111,9.186295195854684e-05,0,0,1,0,0,1
1,1,1,0,3015,2188.0,153.0,360.0,1.0,1,5203.0,0.029400461183704842,0.425,8.166794773251346e-05,1,0,0,0,0,0
0,0,0,0,5191,0.0,132.0,360.0,1.0,1,5191.0,0.025423728813559324,0.36666666666666664,7.062146892655366e-05,0,1,0,1,0,0
1,0,1,0,4166,0.0,98.0,360.0,0.0,0,4166.0,0.02351811855051596,0.2722222222222222,6.532810708476655e-05,0,1,0,0,0,0
1,0,1,0,6000,0.0,140.0,360.0,1.0,1,6000.0,0.023329445092484587,0.3888888888888889,6.480401414579052e-05,0,0,0,0,0,0
1,1,0,0,2947,1664.0,70.0,180.0,0.0,0,4611.0,0.015177797051170859,0.3888888888888889,8.4321094728727e-05,1,0,1,0,0,1
0,1,0,0,210,2917.0,98.0,360.0,1.0,1,3127.0,0.03132992327365729,0.2722222222222222,8.702756464904802e-05,1,1,0,0,1,0
1,1,1,0,4333,2451.0,110.0,360.0,1.0,0,6784.0,0.016212232866617538,0.3055555555555556,4.503398018504872e-05,1,0,1,0,0,0
1,1,1,1,3450,2079.0,162.0,360.0,1.0,1,5529.0,0.029294755877034357,0.45,8.1374321880651e-05,1,1,0,1,0,0
1,1,0,0,2653,1500.0,113.0,180.0,0.0,0,4153.0,0.02720269619643717,0.6277777777777778,0.0001511260899802065,1,0,0,1,0,0
1,1,1,0,4691,0.0,100.0,360.0,1.0,1,4691.0,0.021312872975277068,0.2777777777777778,5.920242493132519e-05,0,1,0,0,0,1
0,0,1,1,2500,0.0,93.0,360.0,1.0,1,2500.0,0.03718512594962015,0.25833333333333336,0.00010329201652672266,0,0,1,0,0,0
1,0,1,0,5532,4648.0,162.0,360.0,1.0,1,10180.0,0.015911992928003143,0.45,4.419998035556429e-05,1,0,0,0,1,0
1,1,1,1,16525,1014.0,150.0,360.0,1.0,1,17539.0,0.00855188141391106,0.4166666666666667,2.3755226149752945e-05,1,0,0,0,1,0
1,1,1,0,6700,1750.0,230.0,300.0,1.0,1,8450.0,0.027215714116672583,0.7666666666666667,9.071904705557528e-05,1,1,0,0,1,0
1,1,1,1,16667,2250.0,86.0,360.0,1.0,1,18917.0,0.004545935088275717,0.2388888888888889,1.2627597467432546e-05,1,1,0,1,0,0
1,1,1,0,2947,1603.0,128.0,360.0,1.0,0,4550.0,0.02812568666227203,0.35555555555555557,7.812690739520008e-05,1,0,1,0,1,0
0,0,0,0,4350,0.0,154.0,360.0,1.0,1,4350.0,0.03539416226154907,0.42777777777777776,9.831711739319185e-05,0,0,0,0,0,0
1,1,0,0,3095,0.0,113.0,360.0,1.0,1,3095.0,0.03649870801033592,0.3138888888888889,0.00010138530002871088,0,0,0,0,0,1
1,1,1,0,2083,3150.0,128.0,360.0,1.0,1,5233.0,0.02445548337791364,0.35555555555555557,6.793189827198233e-05,1,1,0,0,0,0
1,1,1,0,10833,0.0,234.0,360.0,1.0,1,10833.0,0.021598670851024553,0.65,5.999630791951265e-05,0,1,0,0,0,0
1,1,1,0,8333,0.0,246.0,360.0,1.0,1,8333.0,0.029517638588912886,0.6833333333333333,8.199344052475801e-05,0,1,0,0,1,0
1,1,0,0,1958,2436.0,131.0,360.0,1.0,1,4394.0,0.029806598407281,0.3638888888888889,8.279610668689166e-05,1,0,0,1,0,0
1,0,1,0,3547,0.0,80.0,360.0,0.0,0,3547.0,0.02254791431792559,0.2222222222222222,6.263309532757108e-05,0,0,0,0,1,0
1,1,1,0,18333,0.0,500.0,360.0,1.0,0,18333.0,0.027271735573251882,1.3888888888888888,7.575482103681078e-05,0,0,1,1,0,0
1,1,1,1,4583,2083.0,160.0,360.0,1.0,1,6666.0,0.023998800059997,0.4444444444444444,6.666333349999167e-05,1,1,0,0,1,0
1,0,1,0,2435,0.0,75.0,360.0,1.0,0,2435.0,0.03078817733990148,0.20833333333333334,8.552271483305966e-05,0,0,1,0,0,0
1,0,0,0,2699,2785.0,96.0,360.0,1.0,1,5484.0,0.017502278942570646,0.26666666666666666,4.861744150714069e-05,1,1,0,0,0,0
1,1,0,0,5333,1131.0,186.0,360.0,1.0,1,6464.0,0.02877030162412993,0.5166666666666667,7.991750451147204e-05,1,0,1,1,0,0
1,0,0,0,3691,0.0,110.0,360.0,1.0,1,3691.0,0.029794149512459372,0.3055555555555556,8.276152642349826e-05,0,0,0,0,0,0
0,0,0,1,17263,0.0,225.0,360.0,1.0,1,17263.0,0.013032900834105653,0.625,3.6202502316960145e-05,0,1,0,0,0,0
1,1,1,0,3597,2157.0,119.0,360.0,0.0,0,5754.0,0.020677671589921807,0.33055555555555555,5.743797663867169e-05,1,0,0,0,0,0
0,1,1,0,3326,913.0,105.0,84.0,1.0,1,4239.0,0.024764150943396228,1.25,0.00029481132075471697,1,1,0,1,0,0
1,1,0,0,2600,1700.0,107.0,360.0,1.0,1,4300.0,0.02487793536386887,0.2972222222222222,6.910537601074685e-05,1,0,0,0,0,0
1,1,1,0,4625,2857.0,111.0,12.0,1.0,1,7482.0,0.014833622878524655,9.25,0.0012361352398770546,1,0,1,0,0,0
1,1,1,1,2895,0.0,95.0,360.0,1.0,1,2895.0,0.03280386740331492,0.2638888888888889,9.112185389809699e-05,0,1,0,1,0,0
1,0,1,0,6283,4416.0,209.0,360.0,0.0,0,10699.0,0.01953271028037383,0.5805555555555556,5.425752855659398e-05,1,0,0,0,0,0
0,0,1,0,645,3683.0,113.0,480.0,1.0,1,4328.0,0.026103026103026103,0.23541666666666666,5.438130438130438e-05,1,0,0,0,0,0
0,0,1,0,3159,0.0,100.0,360.0,1.0,1,3159.0,0.03164556962025317,0.2777777777777778,8.790436005625879e-05,0,1,0,0,0,0
1,1,1,0,4865,5624.0,208.0,360.0,1.0,1,10489.0,0.01982840800762631,0.5777777777777777,5.50789111322953e-05,1,1,0,0,1,0
1,1,0,0,4050,5302.0,138.0,360.0,1.0,0,9352.0,0.014754624184753555,0.38333333333333336,4.098506717987099e-05,1,0,0,1,0,0
1,1,0,0,3814,1483.0,124.0,300.0,1.0,1,5297.0,0.023405058512646282,0.41333333333333333,7.801686170882094e-05,1,1,0,0,0,0
1,1,1,0,3510,4416.0,243.0,360.0,1.0,1,7926.0,0.03065472435978302,0.675,8.51520121105084e-05,1,0,0,0,1,0
1,1,1,0,20833,6667.0,480.0,360.0,1.0,1,27500.0,0.017453910766881204,1.3333333333333333,4.84830854635589e-05,1,0,1,0,0,0
1,1,1,1,2479,3013.0,188.0,360.0,1.0,1,5492.0,0.03422537775350446,0.5222222222222223,9.507049375973462e-05,1,0,1,0,0,0
0,0,1,0,13262,0.0,40.0,360.0,1.0,1,13262.0,0.0030159089195506295,0.1111111111111111,8.377524776529526e-06,0,0,1,1,0,0
1,0,0,0,3598,1287.0,100.0,360.0,1.0,0,4885.0,0.020466639377814164,0.2777777777777778,5.685177604948379e-05,1,0,0,0,0,0
1,1,1,0,6065,2004.0,250.0,360.0,1.0,1,8069.0,0.030978934324659233,0.6944444444444444,8.605259534627564e-05,1,1,0,1,0,0
1,1,1,0,3283,2035.0,148.0,360.0,1.0,1,5318.0,0.027824779093814627,0.4111111111111111,7.729105303837396e-05,1,0,1,0,1,0
1,1,1,0,2130,6666.0,70.0,180.0,1.0,0,8796.0,0.00795725815618961,0.3888888888888889,4.420698975660894e-05,1,1,0,0,0,0
1,0,1,0,5815,3666.0,311.0,360.0,1.0,0,9481.0,0.032798987555368066,0.8638888888888889,9.11082987649113e-05,1,0,0,0,0,0
1,1,1,0,3466,3428.0,150.0,360.0,1.0,1,6894.0,0.021754894851341553,0.4166666666666667,6.043026347594876e-05,1,0,0,0,0,1
0,1,1,0,2031,1632.0,113.0,480.0,1.0,1,3663.0,0.03084061135371179,0.23541666666666666,6.425127365356623e-05,1,1,0,0,1,0
1,0,1,0,4683,1915.0,185.0,360.0,1.0,0,6598.0,0.028034550689498408,0.5138888888888888,7.787375191527335e-05,1,1,0,0,0,0
0,0,0,0,3400,0.0,95.0,360.0,1.0,0,3400.0,0.027932960893854747,0.2638888888888889,7.759155803848541e-05,0,0,0,0,0,0
1,1,0,0,2192,1742.0,45.0,360.0,1.0,1,3934.0,0.011435832274459974,0.125,3.176620076238882e-05,1,1,0,0,1,0
1,0,1,0,2500,0.0,55.0,360.0,1.0,1,2500.0,0.021991203518592562,0.1527777777777778,6.10866764405349e-05,0,1,0,0,0,0
1,1,1,1,5677,1424.0,100.0,360.0,1.0,1,7101.0,0.014080540692762602,0.2777777777777778,3.9112613035451674e-05,1,0,0,0,0,1
1,1,1,1,7948,7166.0,480.0,360.0,1.0,1,15114.0,0.03175653324512074,1.3333333333333333,8.82125923475576e-05,1,0,0,0,1,0
1,0,1,0,4680,2087.0,128.0,360.0,1.0,0,6767.0,0.018912529550827423,0.35555555555555557,5.253480430785396e-05,1,1,0,0,0,0
1,1,1,1,17500,0.0,400.0,360.0,1.0,1,17500.0,0.02285583680932518,1.1111111111111112,6.348843558145884e-05,0,0,0,0,1,0
1,1,1,0,3775,0.0,110.0,360.0,1.0,1,3775.0,0.02913135593220339,0.3055555555555556,8.092043314500942e-05,0,1,0,0,0,0
1,1,0,0,5285,1430.0,161.0,360.0,0.0,1,6715.0,0.023972602739726026,0.44722222222222224,6.659056316590563e-05,1,1,0,1,0,0
1,0,0,0,2679,1302.0,94.0,360.0,1.0,1,3981.0,0.023606228026117528,0.2611111111111111,6.557285562810425e-05,1,1,0,1,0,0
1,0,0,0,6783,0.0,130.0,360.0,1.0,1,6783.0,0.019162735849056603,0.3611111111111111,5.322982180293501e-05,0,1,0,0,0,0
1,1,1,0,1025,5500.0,216.0,360.0,1.0,1,6525.0,0.0330983757278578,0.6,9.193993257738278e-05,1,0,0,0,0,0
1,1,1,0,4281,0.0,100.0,360.0,1.0,1,4281.0,0.023353573096683792,0.2777777777777778,6.487103637967721e-05,0,0,1,0,0,1
1,0,1,0,3588,0.0,110.0,360.0,0.0,0,3588.0,0.030649205906937867,0.3055555555555556,8.51366830748274e-05,0,0,0,0,1,0
1,0,1,0,11250,0.0,196.0,360.0,1.0,0,11250.0,0.017420673717891744,0.5444444444444444,4.839076032747706e-05,0,1,0,1,0,0
0,0,0,1,18165,0.0,125.0,360.0,1.0,1,18165.0,0.00688098645821865,0.3472222222222222,1.9113851272829583e-05,0,0,1,0,0,0
1,0,0,0,2550,2042.0,126.0,360.0,1.0,1,4592.0,0.027433050293925537,0.35,7.620291748312649e-05,1,0,0,0,0,0
1,1,1,0,6133,3906.0,324.0,360.0,1.0,1,10039.0,0.03227091633466136,0.9,8.964143426294821e-05,1,0,1,0,0,0
1,0,1,0,3617,0.0,107.0,360.0,1.0,1,3617.0,0.02957435046987286,0.2972222222222222,8.21509735274246e-05,0,1,0,0,1,0
1,1,0,0,2917,536.0,66.0,360.0,1.0,0,3453.0,0.01910828025477707,0.18333333333333332,5.3078556263269634e-05,1,0,0,0,0,0
1,1,1,0,6417,0.0,157.0,180.0,1.0,1,6417.0,0.024462449361171704,0.8722222222222222,0.00013590249645095391,0,0,0,0,0,1
0,1,1,0,4608,2845.0,140.0,180.0,1.0,1,7453.0,0.018781862087469816,0.7777777777777778,0.00010434367826372119,1,1,0,1,0,0
0,0,1,0,2138,0.0,99.0,360.0,0.0,0,2138.0,0.04628330995792426,0.275,0.00012856474988312297,0,1,0,0,0,0
0,0,1,0,3652,0.0,95.0,360.0,1.0,1,3652.0,0.026006022447303587,0.2638888888888889,7.223895124250997e-05,0,1,0,1,0,0
1,1,0,0,2239,2524.0,128.0,360.0,1.0,1,4763.0,0.02686817800167926,0.35555555555555557,7.463382778244239e-05,1,0,1,1,0,0
0,1,0,0,3017,663.0,102.0,360.0,1.0,1,3680.0,0.027709861450692746,0.2833333333333333,7.69718373630354e-05,1,1,0,0,0,0
1,1,1,0,2768,1950.0,155.0,360.0,1.0,1,4718.0,0.03284594193685103,0.4305555555555556,9.123872760236398e-05,1,0,0,0,0,0
1,0,0,0,3358,0.0,80.0,36.0,1.0,0,3358.0,0.023816612086930634,2.2222222222222223,0.0006615725579702954,0,1,0,0,0,0
1,0,1,0,2526,1783.0,145.0,360.0,1.0,1,4309.0,0.033642691415313224,0.4027777777777778,9.345192059809229e-05,1,0,0,0,0,0
0,0,1,0,5000,0.0,103.0,360.0,0.0,0,5000.0,0.020595880823835233,0.2861111111111111,5.721078006620898e-05,0,1,0,0,0,0
1,1,1,0,2785,2016.0,110.0,360.0,1.0,1,4801.0,0.022907122032486463,0.3055555555555556,6.363089453468463e-05,1,0,0,0,0,0
1,1,1,1,6633,0.0,128.0,360.0,0.0,0,6633.0,0.01929454326198372,0.35555555555555557,5.359595350551034e-05,0,0,0,0,1,0
1,1,0,0,2492,2375.0,128.0,360.0,1.0,1,4867.0,0.02629416598192276,0.35555555555555557,7.303934994978545e-05,1,0,0,1,0,0
1,1,1,0,3333,3250.0,158.0,360.0,1.0,1,6583.0,0.02399756986634265,0.4388888888888889,6.665991629539625e-05,1,0,1,1,0,0
1,1,0,0,2454,2333.0,181.0,360.0,0.0,0,4787.0,0.03780284043441938,0.5027777777777778,0.0001050078900956094,1,0,1,0,0,0
1,1,1,0,3593,4266.0,132.0,180.0,0.0,0,7859.0,0.016793893129770993,0.7333333333333333,9.329940627650551e-05,1,0,0,0,0,0
1,1,1,0,5468,1032.0,26.0,360.0,1.0,1,6500.0,0.003999384710044608,0.07222222222222222,1.1109401972346134e-05,1,1,0,1,0,0
0,0,1,0,2667,1625.0,84.0,360.0,1.0,1,4292.0,0.019566736547868623,0.23333333333333334,5.435204596630173e-05,1,0,1,0,0,0
1,1,1,1,10139,0.0,260.0,360.0,1.0,1,10139.0,0.02564102564102564,0.7222222222222222,7.122507122507122e-05,0,1,0,0,0,1
1,1,1,0,3887,2669.0,162.0,360.0,1.0,1,6556.0,0.024706420619185602,0.45,6.862894616440446e-05,1,1,0,0,0,0
0,1,1,0,4180,2306.0,182.0,360.0,1.0,1,6486.0,0.028056112224448898,0.5055555555555555,7.79336450679136e-05,1,1,0,0,0,0
1,1,0,0,3675,242.0,108.0,360.0,1.0,1,3917.0,0.027565084226646247,0.3,7.656967840735069e-05,1,1,0,0,1,0
0,1,1,1,19484,0.0,600.0,360.0,1.0,1,19484.0,0.030792917628945343,1.6666666666666667,8.553588230262595e-05,0,1,0,1,0,0
1,1,1,0,5923,2054.0,211.0,360.0,1.0,1,7977.0,0.026447731260967663,0.5861111111111111,7.346592016935461e-05,1,0,0,0,0,0
1,0,0,1,5800,0.0,132.0,360.0,1.0,1,5800.0,0.022754697465954144,0.36666666666666664,6.320749296098374e-05,0,1,0,0,0,0
1,1,1,0,8799,0.0,258.0,360.0,0.0,0,8799.0,0.02931818181818182,0.7166666666666667,8.143939393939394e-05,0,0,1,0,1,0
1,1,0,0,4467,0.0,120.0,360.0,1.0,1,4467.0,0.02685765443151298,0.3333333333333333,7.46045956430916e-05,0,0,0,0,0,0
1,0,1,0,3333,0.0,70.0,360.0,1.0,1,3333.0,0.020995800839832032,0.19444444444444445,5.832166899953343e-05,0,0,1,0,0,0
1,1,1,0,3400,2500.0,123.0,360.0,0.0,0,5900.0,0.020843924758515507,0.3416666666666667,5.7899790995876406e-05,1,0,0,0,0,1
0,0,1,0,2378,0.0,9.0,360.0,1.0,0,2378.0,0.0037831021437578815,0.025,1.0508617065994115e-05,0,0,1,0,0,0
1,1,1,0,3166,2064.0,104.0,360.0,0.0,0,5230.0,0.019881475817243355,0.28888888888888886,5.5226321714564876e-05,1,0,1,0,0,0
1,1,1,0,3417,1750.0,186.0,360.0,1.0,1,5167.0,0.035990712074303405,0.5166666666666667,9.997420020639836e-05,1,0,1,1,0,0
1,1,1,0,16666,0.0,275.0,360.0,1.0,1,16666.0,0.016499670006599867,0.7638888888888888,4.583241668499963e-05,0,0,1,0,1,0
1,1,0,0,6125,1625.0,187.0,480.0,1.0,0,7750.0,0.024125919236227585,0.38958333333333334,5.02623317421408e-05,1,1,0,0,1,0
1,1,1,0,6406,0.0,150.0,360.0,1.0,0,6406.0,0.023411893241766818,0.4166666666666667,6.50330367826856e-05,0,1,0,0,0,1
1,1,1,0,3159,461.0,108.0,84.0,1.0,1,3620.0,0.029826014913007456,1.2857142857142858,0.00035507160610723167,1,0,1,0,1,0
1,0,1,0,3229,2739.0,110.0,360.0,1.0,1,5968.0,0.018428547495392862,0.3055555555555556,5.119040970942463e-05,1,0,1,0,0,0
1,1,1,0,1782,2232.0,107.0,360.0,1.0,1,4014.0,0.026650062266500622,0.2972222222222222,7.40279507402795e-05,1,0,0,1,0,0
1,0,1,0,3182,2917.0,161.0,360.0,1.0,1,6099.0,0.02639344262295082,0.44722222222222224,7.331511839708562e-05,1,0,1,0,0,0
1,1,1,0,6540,0.0,205.0,360.0,1.0,1,6540.0,0.0313407735820211,0.5694444444444444,8.705770439450304e-05,0,1,0,0,1,0
1,0,1,0,1836,33837.0,90.0,360.0,1.0,0,35673.0,0.0025228457700285922,0.25,7.007904916746089e-06,1,0,1,0,0,0
0,1,1,0,3166,0.0,36.0,360.0,1.0,1,3166.0,0.011367224502683928,0.1,3.157562361856647e-05,0,1,0,0,0,0
1,1,1,0,1880,0.0,61.0,360.0,1.0,0,1880.0,0.03242955874534822,0.16944444444444445,9.008210762596728e-05,0,0,0,1,0,0
1,1,1,0,2787,1917.0,146.0,360.0,0.0,0,4704.0,0.031030818278427207,0.40555555555555556,8.619671744007557e-05,1,0,0,1,0,0
1,1,1,0,4283,3000.0,172.0,84.0,1.0,0,7283.0,0.023613399231191653,2.0476190476190474,0.0002811118956094244,1,0,0,1,0,0
1,1,1,0,2297,1522.0,104.0,360.0,1.0,1,3819.0,0.027225130890052355,0.28888888888888886,7.562536358347876e-05,1,0,1,0,0,0
0,0,0,0,2165,0.0,70.0,360.0,1.0,1,2165.0,0.032317636195752536,0.19444444444444445,8.977121165486817e-05,0,1,0,0,0,0
1,1,1,1,2726,0.0,106.0,360.0,0.0,0,2726.0,0.03887055372203887,0.29444444444444445,0.00010797376033899686,0,1,0,0,1,0
1,1,1,0,3000,3416.0,56.0,180.0,1.0,1,6416.0,0.008726819386005922,0.3111111111111111,4.848232992225512e-05,1,1,0,0,0,0
1,1,1,1,6000,0.0,205.0,240.0,1.0,0,6000.0,0.03416097317113814,0.8541666666666666,0.0001423373882130756,0,1,0,0,1,0
1,1,1,0,3859,3300.0,142.0,180.0,1.0,1,7159.0,0.01983240223463687,0.7888888888888889,0.00011018001241464928,1,0,0,0,0,0
1,1,1,1,16120,0.0,260.0,360.0,1.0,1,16120.0,0.016128031759816388,0.7222222222222222,4.480008822171219e-05,0,0,1,0,0,0
1,0,0,0,3833,0.0,110.0,360.0,1.0,1,3833.0,0.028690662493479395,0.3055555555555556,7.969628470410944e-05,0,0,0,0,0,0
1,1,0,1,6383,1000.0,187.0,360.0,1.0,0,7383.0,0.025325027085590465,0.5194444444444445,7.034729745997352e-05,1,0,0,0,1,0
1,1,1,1,9963,0.0,180.0,360.0,1.0,1,9963.0,0.018065034122842234,0.5,5.0180650341228424e-05,0,0,0,0,0,0
1,1,1,0,5780,0.0,192.0,360.0,1.0,1,5780.0,0.03321224701608718,0.5333333333333333,9.225624171135328e-05,0,0,1,0,1,0
0,0,1,0,416,41667.0,350.0,180.0,1.0,0,42083.0,0.0083166999334664,1.9444444444444444,4.620388851925778e-05,1,0,1,0,0,1
1,1,0,0,2894,2792.0,155.0,360.0,1.0,1,5686.0,0.027255143309301916,0.4305555555555556,7.570873141472755e-05,1,0,0,0,0,0
1,1,1,0,5703,0.0,128.0,360.0,1.0,1,5703.0,0.02244039270687237,0.35555555555555557,6.233442418575659e-05,0,0,1,0,0,1
1,0,1,0,3676,4301.0,172.0,360.0,1.0,1,7977.0,0.021559288042115817,0.4777777777777778,5.9886911228099496e-05,1,0,0,0,0,0
0,1,1,0,12000,0.0,496.0,360.0,1.0,1,12000.0,0.04132988917590201,1.3777777777777778,0.00011480524771083891,0,1,0,1,0,0
1,1,0,0,2400,3800.0,128.0,180.0,1.0,0,6200.0,0.02064183196258668,0.7111111111111111,0.00011467684423659267,1,0,1,0,0,0
1,1,1,0,3400,2500.0,173.0,360.0,1.0,1,5900.0,0.029317064904253516,0.48055555555555557,8.143629140070421e-05,1,1,0,1,0,0
1,1,0,0,3987,1411.0,157.0,360.0,1.0,1,5398.0,0.029079459159103538,0.4361111111111111,8.077627544195427e-05,1,0,0,0,1,0
1,1,1,0,3232,1950.0,108.0,360.0,1.0,1,5182.0,0.020837352884429866,0.3,5.788153579008296e-05,1,0,0,0,0,0
0,0,1,0,2900,0.0,71.0,360.0,1.0,1,2900.0,0.024474319200275766,0.19722222222222222,6.798422000076602e-05,0,0,0,0,0,0
1,1,1,0,4106,0.0,40.0,180.0,1.0,1,4106.0,0.009739469198928659,0.2222222222222222,5.410816221627032e-05,0,0,0,0,0,1
1,1,1,0,8072,240.0,253.0,360.0,1.0,1,8312.0,0.030434259593407915,0.7027777777777777,8.453960998168865e-05,1,0,1,1,0,0
1,1,1,0,7583,0.0,187.0,360.0,1.0,1,7583.0,0.02465717299578059,0.5194444444444445,6.849214721050165e-05,0,0,1,0,1,0
0,0,1,1,4583,0.0,133.0,360.0,0.0,0,4583.0,0.029013961605584643,0.36944444444444446,8.059433779329067e-05,0,1,0,0,0,0
